customer_id,gender,age,annual_income_kusd,spending_score,purchase_freq_yr,avg_basket_usd,avg_session_min,online_ratio,loyalty_years,true_segment
11315,Male,53,95.9,25,5.6,187.86,16.4,0.42,5.6,Affluent Savers
10559,Female,39,92.0,91,15.6,230.15,30.4,0.486,3.2,Premium Loyalists
10201,Male,52,58.1,52,7.3,128.55,28.2,0.407,5.5,Mainstream
10271,Male,25,74.4,57,7.2,152.66,24.0,0.725,3.2,Mainstream
11513,Male,23,54.8,68,11.1,161.18,15.4,0.619,3.9,Young Aspirational
11376,Female,22,12.3,97,10.8,93.35,27.7,0.613,1.1,Young Aspirational
11552,Female,37,80.9,69,8.2,203.62,29.4,0.538,3.5,Noise
10408,Female,55,60.5,56,11.5,151.62,15.3,0.438,7.6,Mainstream
11194,Male,35,89.0,24,0.9,180.5,9.7,0.603,3.2,Affluent Savers
10325,Female,34,59.2,47,0.6,128.34,21.8,0.526,5.4,Mainstream
10446,Female,29,67.0,52,9.8,144.03,15.6,0.632,3.5,Mainstream
10433,Male,38,57.9,60,7.3,152.22,25.8,0.589,4.4,Mainstream
11358,Female,24,28.3,85,17.0,85.69,33.8,0.56,3.0,Young Aspirational
10834,Male,54,30.6,21,5.6,67.44,14.2,0.531,6.4,Budget Conscious
10059,Male,49,56.3,49,7.0,114.88,19.5,0.336,5.8,Mainstream
11514,Female,28,25.1,80,15.6,102.04,33.9,0.694,2.9,Young Aspirational
10621,Male,22,94.3,84,12.4,236.59,22.0,0.493,3.1,Premium Loyalists
10279,Male,22,69.2,49,7.5,149.96,29.7,0.738,3.5,Mainstream
11160,Female,45,96.5,31,4.8,196.77,13.9,0.28,4.6,Affluent Savers
10349,Male,42,79.5,60,7.8,202.39,16.0,0.523,7.1,Mainstream
10805,Male,48,83.7,83,12.9,227.02,23.1,0.3,4.1,Premium Loyalists
11201,Female,42,90.0,19,0.6,117.3,16.0,0.565,5.1,Affluent Savers
11534,Female,64,19.0,40,8.0,10.0,15.8,0.37,6.6,Noise
11536,Male,58,77.7,45,12.8,211.72,21.7,0.288,7.0,Noise
11134,Female,45,83.8,21,0.5,160.8,3.9,0.328,3.1,Affluent Savers
10505,Female,53,50.6,47,4.1,138.96,15.8,0.266,7.4,Mainstream
10117,Male,38,48.8,55,10.2,148.32,27.1,0.652,5.9,Mainstream
11019,Male,34,27.3,21,0.5,88.02,14.4,0.5,3.9,Budget Conscious
10096,Female,52,47.3,37,7.5,132.21,12.5,0.223,4.0,Mainstream
11550,Male,53,55.7,75,15.7,192.49,23.9,0.495,5.9,Noise
10998,Male,54,24.9,23,6.8,63.63,9.4,0.453,6.4,Budget Conscious
10501,Female,35,62.7,46,11.1,131.44,13.5,0.792,7.8,Mainstream
10128,Male,58,55.1,56,8.6,116.73,15.2,0.584,6.1,Mainstream
11142,Male,59,94.6,24,1.4,202.46,12.1,0.263,6.1,Affluent Savers
11522,Male,58,38.3,93,16.8,125.51,34.7,0.267,6.6,Noise
10665,Female,44,87.7,85,11.3,166.33,24.8,0.315,3.9,Premium Loyalists
11151,Female,37,85.4,22,4.6,154.11,14.6,0.452,2.8,Affluent Savers
10900,Female,69,31.0,14,3.7,77.74,10.3,0.02,9.2,Budget Conscious
10352,Female,54,65.4,57,11.6,119.09,25.1,0.411,7.7,Mainstream
10512,Female,30,51.6,51,9.7,118.38,16.8,0.611,3.2,Mainstream
10532,Female,32,87.8,78,13.0,184.95,30.1,0.46,4.2,Premium Loyalists
10946,Male,29,29.6,20,3.0,28.98,22.0,0.356,5.1,Budget Conscious
10507,Female,18,71.1,44,5.4,153.52,14.0,0.83,3.2,Mainstream
10287,Female,41,61.5,43,7.0,113.18,24.8,0.569,5.3,Mainstream
10490,Male,45,65.1,62,10.1,148.0,15.8,0.446,3.5,Mainstream
10345,Female,19,63.6,51,4.6,194.09,20.6,0.701,0.0,Mainstream
10957,Female,29,30.6,33,8.9,64.26,16.8,0.777,2.7,Budget Conscious
10714,Male,43,93.1,82,10.5,180.44,29.8,0.255,1.9,Premium Loyalists
10190,Female,44,49.7,36,2.4,110.71,20.6,0.527,3.9,Mainstream
10859,Male,69,18.0,21,3.3,58.92,9.3,0.361,8.8,Budget Conscious
10362,Male,34,82.3,57,4.7,140.82,20.0,0.418,1.3,Mainstream
11506,Female,26,22.9,68,10.7,113.24,23.2,0.639,2.1,Young Aspirational
10669,Male,51,85.9,85,14.7,236.75,41.4,0.33,4.4,Premium Loyalists
11268,Female,27,84.4,28,2.8,177.78,13.6,,4.7,Affluent Savers
10448,Male,23,54.0,58,6.8,102.67,25.2,0.681,3.7,Mainstream
10329,Female,52,62.9,57,9.4,158.42,25.4,0.381,4.6,Mainstream
10168,Female,28,64.9,43,3.7,122.71,20.0,0.77,4.0,Mainstream
11360,Male,20,24.6,82,10.3,99.36,36.6,0.99,1.5,Young Aspirational
10368,Female,45,55.2,49,5.4,129.13,25.6,0.47,3.8,Mainstream
11491,Female,31,36.5,73,10.3,119.73,26.8,0.534,3.0,Young Aspirational
10968,Female,49,25.7,31,5.7,32.1,15.0,0.554,6.2,Budget Conscious
11034,Male,40,29.2,25,7.6,75.06,10.9,0.594,3.9,Budget Conscious
10526,Female,51,88.5,81,12.5,230.41,31.6,0.336,5.0,Premium Loyalists
11602,Male,33,24.4,16,8.8,57.6,8.9,0.437,3.8,Noise
11274,Male,43,80.8,18,4.8,130.78,19.5,0.48,5.9,Affluent Savers
10141,Male,23,65.0,36,1.2,107.85,14.7,0.646,2.9,Mainstream
10821,Female,59,17.9,18,7.1,53.64,13.4,0.422,7.0,Budget Conscious
10013,Female,39,63.0,51,3.6,176.96,24.6,0.628,6.2,Mainstream
10784,Female,38,89.6,81,16.4,200.7,25.5,0.615,5.7,Premium Loyalists
10692,Female,29,86.1,79,12.4,192.31,24.6,0.652,3.1,Premium Loyalists
11021,Male,46,24.9,12,1.6,80.89,6.5,0.349,4.5,Budget Conscious
10061,Male,50,63.9,58,10.7,148.01,14.7,0.332,5.3,Mainstream
10072,Female,35,71.0,66,9.8,177.74,24.9,0.259,4.6,Mainstream
11362,Male,24,30.4,68,4.0,94.76,26.0,0.576,1.4,Young Aspirational
10044,Male,39,61.1,53,4.7,158.21,25.3,0.425,5.2,Mainstream
10371,Female,33,44.2,50,8.3,120.43,19.4,0.366,5.1,Mainstream
10904,Female,48,37.0,26,5.7,81.82,8.1,0.117,3.9,Budget Conscious
10112,Male,49,63.2,42,11.0,129.14,16.1,0.467,8.4,Mainstream
10242,Female,18,54.0,53,8.8,125.76,29.2,0.805,0.4,Mainstream
10743,Male,29,90.3,90,9.9,261.33,23.5,0.629,4.4,Premium Loyalists
11028,Male,45,18.6,28,9.0,43.68,4.3,0.375,4.6,Budget Conscious
11371,Male,33,27.7,93,13.8,96.54,38.0,0.38,3.4,Young Aspirational
11370,Male,18,29.3,71,11.4,89.22,28.5,0.693,2.0,Young Aspirational
10675,Female,45,88.8,84,6.6,175.97,25.6,0.382,4.5,Premium Loyalists
10620,Female,45,91.6,86,11.3,229.69,21.8,0.31,5.8,Premium Loyalists
11117,Female,38,23.9,17,4.1,37.21,9.1,0.575,2.2,Budget Conscious
11085,Female,56,33.1,20,3.7,38.77,6.1,0.104,1.5,Budget Conscious
10147,Female,35,63.0,25,3.9,92.04,12.6,0.62,1.2,Mainstream
10260,Female,27,42.3,53,9.7,130.93,16.9,,3.0,Mainstream
10700,Male,48,92.9,79,12.1,202.44,28.7,0.517,3.8,Premium Loyalists
10010,Female,43,52.3,44,6.3,141.16,10.4,0.124,4.1,Mainstream
10295,Male,43,46.9,58,8.6,149.43,21.4,0.744,3.5,Mainstream
10052,Male,38,56.1,57,14.5,121.57,16.7,0.574,4.1,Mainstream
10205,Male,49,79.2,56,11.7,162.58,27.8,0.285,5.0,Mainstream
11197,Male,36,94.3,25,5.2,178.95,24.1,0.277,2.7,Affluent Savers
10519,Male,47,54.5,40,4.3,149.26,12.3,0.307,3.8,Mainstream
10038,Male,69,53.0,53,8.0,129.18,27.8,0.468,6.5,Mainstream
11492,Female,27,42.8,67,13.5,136.64,23.0,0.649,6.2,Young Aspirational
10673,Female,52,86.5,81,10.4,213.0,23.5,0.316,6.4,Premium Loyalists
10211,Female,49,62.3,44,7.1,140.19,8.9,0.277,6.1,Mainstream
11011,Female,59,30.7,19,10.7,66.91,8.1,0.724,9.4,Budget Conscious
11507,Male,18,18.2,68,9.2,64.97,24.9,0.644,2.6,Young Aspirational
10229,Female,45,55.6,38,10.1,153.51,10.5,0.48,2.3,Mainstream
11084,Female,54,33.8,20,4.6,94.16,9.3,0.404,2.9,Budget Conscious
10982,Female,46,32.7,22,2.9,10.0,14.1,0.364,3.3,Budget Conscious
10005,Female,30,63.1,45,6.0,142.01,20.6,0.619,5.7,Mainstream
10432,Female,50,57.9,51,9.2,189.35,30.1,0.398,6.2,Mainstream
10417,Female,63,67.9,55,14.0,151.56,28.9,0.328,7.7,Mainstream
10186,Female,44,50.1,58,7.5,124.85,17.5,0.354,4.2,Mainstream
11460,Male,23,15.2,87,14.8,78.64,25.3,0.635,3.5,Young Aspirational
10622,Female,35,93.0,82,13.0,221.01,26.8,0.629,2.9,Premium Loyalists
11000,Male,31,32.6,24,5.7,84.04,11.3,0.416,3.9,Budget Conscious
10100,Male,38,59.0,49,3.8,156.64,23.8,0.394,1.8,Mainstream
11434,Female,30,36.7,85,11.9,98.96,29.3,0.674,4.1,Young Aspirational
11279,Male,41,94.3,20,7.1,156.98,15.3,0.515,5.5,Affluent Savers
10102,Male,18,53.6,53,9.3,160.07,15.2,0.775,2.0,Mainstream
11539,Male,33,39.3,44,7.0,74.38,20.6,0.648,3.6,Noise
11378,Female,28,12.2,69,9.5,40.67,27.2,0.869,4.3,Young Aspirational
11386,Female,30,29.8,87,13.2,92.61,33.4,0.576,4.5,Young Aspirational
10612,Male,40,89.5,77,14.1,232.05,28.4,0.442,5.7,Premium Loyalists
10618,Female,43,82.3,80,9.6,184.72,32.3,0.327,5.4,Premium Loyalists
10207,Male,33,58.2,59,6.8,106.99,15.0,0.742,4.6,Mainstream
10603,Female,30,83.6,78,8.7,208.86,28.5,0.513,4.3,Premium Loyalists
10572,Male,49,83.8,87,10.5,205.52,31.4,0.37,6.1,Premium Loyalists
10264,Female,46,47.3,41,4.6,102.14,18.2,0.571,4.6,Mainstream
11147,Male,56,83.6,22,4.6,162.75,16.5,0.533,6.3,Affluent Savers
10180,Male,53,64.8,55,8.0,143.99,24.3,0.242,3.8,Mainstream
10489,Male,18,52.9,40,11.5,95.58,19.5,0.681,2.7,Mainstream
10142,Female,47,49.0,46,9.3,106.19,14.9,0.403,6.8,Mainstream
11045,Male,36,25.4,14,6.8,61.28,22.5,0.506,3.1,Budget Conscious
11243,Male,36,89.4,27,8.1,218.36,14.7,0.52,6.1,Affluent Savers
11234,Female,34,92.3,19,2.5,142.81,23.3,0.553,3.0,Affluent Savers
11075,Female,58,33.2,33,10.4,25.62,17.9,0.419,8.2,Budget Conscious
10114,Male,32,29.8,44,9.2,43.8,15.7,0.629,5.1,Mainstream
10393,Male,28,56.5,51,5.1,116.04,19.1,0.76,3.3,Mainstream
10064,Female,44,55.0,33,4.8,139.68,7.3,0.612,2.3,Mainstream
10641,Male,51,87.0,83,15.6,151.74,29.2,0.352,6.4,Premium Loyalists
10250,Male,47,80.4,55,3.6,168.99,30.9,0.309,5.0,Mainstream
10485,Female,33,51.5,44,5.5,102.67,22.9,0.457,3.6,Mainstream
10355,Female,18,55.7,55,8.7,132.6,20.3,0.631,3.3,Mainstream
11169,Female,56,80.3,20,5.9,111.86,13.8,0.309,4.6,Affluent Savers
10118,Male,54,66.8,51,7.4,136.98,19.0,0.4,7.4,Mainstream
11578,Female,48,43.6,3,7.1,76.69,5.2,0.576,8.6,Noise
10769,Female,22,94.5,79,12.3,245.87,32.1,0.879,0.0,Premium Loyalists
10351,Female,31,51.8,41,4.4,113.35,12.8,0.782,3.5,Mainstream
10902,Female,75,32.6,30,8.4,50.4,9.9,0.312,6.8,Budget Conscious
11444,Female,27,41.6,96,12.6,169.92,37.1,0.597,2.4,Young Aspirational
11302,Female,44,85.4,32,4.8,178.61,18.2,0.406,2.0,Affluent Savers
10632,Male,32,99.5,88,16.3,267.43,30.5,0.528,0.0,Premium Loyalists
11545,Male,54,76.8,92,18.1,207.77,37.6,,5.1,Noise
10028,Male,43,65.0,49,8.1,142.96,19.5,0.509,6.7,Mainstream
10557,Male,40,87.5,81,10.6,174.59,42.5,0.48,0.8,Premium Loyalists
10312,Female,44,59.8,45,8.2,116.46,20.2,0.357,3.7,Mainstream
10993,Female,32,24.7,17,1.6,21.58,8.4,0.662,5.7,Budget Conscious
10684,Male,41,91.4,86,11.6,190.88,33.4,0.309,5.8,Premium Loyalists
10954,Female,31,23.5,17,7.2,49.72,3.2,0.68,5.1,Budget Conscious
10996,Male,52,23.6,19,5.8,66.88,16.9,0.556,4.5,Budget Conscious
10309,Female,48,51.7,47,11.5,136.88,22.5,0.533,7.9,Mainstream
10452,Female,38,49.7,60,11.4,127.79,25.9,0.442,8.8,Mainstream
11313,Male,44,69.7,36,5.9,154.29,15.6,0.387,5.0,Affluent Savers
11540,Male,30,53.5,9,5.2,88.35,8.1,0.673,4.2,Noise
11542,Male,51,76.9,66,13.1,155.3,16.7,0.345,4.5,Noise
10415,Male,54,65.4,26,1.3,105.7,18.6,0.297,4.8,Mainstream
10651,Male,45,93.8,92,17.2,215.18,22.0,0.387,3.3,Premium Loyalists
10594,Male,54,89.0,84,14.5,212.99,35.1,0.385,5.3,Premium Loyalists
11446,Female,23,26.1,93,12.8,115.2,30.7,0.667,2.4,Young Aspirational
10288,Female,21,65.2,40,7.1,111.73,20.8,0.627,2.6,Mainstream
11347,Male,25,29.8,87,11.7,143.95,33.8,0.667,3.4,Young Aspirational
10678,Female,44,96.6,81,14.1,214.94,23.4,0.369,6.5,Premium Loyalists
10688,Female,53,90.5,81,12.4,172.6,28.7,0.487,6.1,Premium Loyalists
11145,Male,44,83.2,25,1.7,169.53,17.7,0.408,2.3,Affluent Savers
10173,Male,36,59.1,27,7.4,147.66,18.2,0.693,2.4,Mainstream
11079,Female,59,24.1,18,3.7,34.64,5.7,0.209,5.9,Budget Conscious
10018,Female,43,47.2,52,4.5,118.24,20.5,0.437,3.9,Mainstream
11017,Male,37,32.2,29,3.6,47.03,21.6,0.584,0.5,Budget Conscious
11270,Female,47,90.7,18,6.2,144.61,11.4,0.418,5.0,Affluent Savers
11139,Female,63,89.5,17,4.5,120.37,7.8,0.302,3.2,Affluent Savers
11563,Female,30,82.5,44,7.4,158.13,13.4,0.398,4.8,Noise
11068,Female,53,16.4,12,5.5,10.0,13.9,0.266,6.8,Budget Conscious
10119,Male,18,73.6,64,8.3,167.74,12.9,,0.2,Mainstream
10238,Male,56,55.8,44,7.6,106.28,23.0,0.478,6.9,Mainstream
11497,Female,21,25.6,98,15.6,77.37,30.8,0.443,4.9,Young Aspirational
10475,Male,19,76.8,26,3.0,177.59,13.3,0.661,1.6,Mainstream
10459,Male,46,45.1,43,2.8,110.85,16.1,0.412,2.2,Mainstream
11574,Female,33,61.2,68,10.4,160.93,15.8,0.411,3.2,Noise
10398,Female,18,70.9,61,11.0,169.47,19.6,0.757,1.5,Mainstream
10563,Male,42,93.4,88,15.4,189.2,32.0,0.449,4.4,Premium Loyalists
10453,Male,31,50.2,66,8.4,136.35,22.7,0.37,2.6,Mainstream
10717,Female,42,96.2,87,13.3,246.23,35.2,0.394,4.9,Premium Loyalists
10531,Male,34,84.0,77,15.2,211.69,34.6,0.562,3.1,Premium Loyalists
10758,Male,40,85.7,83,15.2,208.98,23.2,0.525,3.8,Premium Loyalists
10830,Male,35,28.3,27,1.6,108.63,18.4,0.719,1.9,Budget Conscious
10681,Female,44,81.7,83,13.8,205.67,33.1,0.627,4.4,Premium Loyalists
11125,Female,57,85.0,25,1.4,173.27,11.0,0.465,7.3,Affluent Savers
11556,Male,36,46.8,96,12.8,151.46,29.0,0.6,2.5,Noise
11429,Male,38,15.3,68,13.6,60.21,17.0,0.739,0.0,Young Aspirational
10972,Male,44,28.8,17,2.3,40.62,7.6,0.153,7.2,Budget Conscious
10024,Male,50,50.7,45,8.1,137.49,18.1,0.346,3.9,Mainstream
11009,Male,55,29.6,25,6.3,12.44,15.8,0.323,8.3,Budget Conscious
10858,Female,37,30.5,19,3.5,24.79,14.1,0.599,5.1,Budget Conscious
10364,Male,33,51.6,53,6.9,143.18,21.6,0.517,4.9,Mainstream
11247,Female,55,86.8,18,5.5,138.04,15.4,0.138,9.4,Affluent Savers
10286,Male,49,68.3,59,12.0,161.44,29.5,0.191,5.0,Mainstream
10913,Female,50,30.9,30,2.5,48.0,15.2,0.538,3.2,Budget Conscious
10944,Male,52,17.1,30,11.8,68.93,15.6,0.438,3.1,Budget Conscious
10416,Male,37,46.1,56,7.7,137.56,31.2,0.409,0.8,Mainstream
11339,Male,44,89.7,9,8.4,150.05,1.0,0.51,7.6,Affluent Savers
11439,Female,30,24.0,91,15.7,110.16,31.5,0.57,5.5,Young Aspirational
11217,Female,33,72.6,20,5.5,111.91,17.0,0.648,5.5,Affluent Savers
11470,Male,29,25.7,68,13.5,62.32,34.7,0.576,4.0,Young Aspirational
10285,Male,41,53.2,47,11.9,112.81,24.9,0.478,5.5,Mainstream
11273,Female,46,79.4,15,2.1,155.21,17.0,0.28,6.6,Affluent Savers
10733,Male,40,91.6,84,10.0,182.69,27.5,0.499,2.4,Premium Loyalists
11601,Female,55,88.9,13,3.3,175.59,9.1,0.286,4.3,Noise
11314,Female,40,98.9,19,4.0,158.1,13.9,0.69,0.5,Affluent Savers
10347,Male,52,64.7,30,6.2,121.18,12.2,0.288,6.8,Mainstream
11415,Female,29,34.6,81,14.3,60.51,41.3,0.576,3.1,Young Aspirational
10014,Female,65,52.2,49,4.8,137.58,23.5,0.296,7.2,Mainstream
10109,Female,49,46.5,54,11.6,152.99,20.4,0.393,8.0,Mainstream
10375,Female,53,65.8,47,9.2,169.34,18.0,0.452,6.5,Mainstream
10922,Female,52,20.3,23,0.5,64.41,20.4,0.363,4.0,Budget Conscious
10378,Female,49,39.2,44,11.1,115.0,24.9,0.489,7.3,Mainstream
11261,Male,48,101.9,23,2.6,193.81,16.4,0.544,5.5,Affluent Savers
10035,Male,28,53.3,43,6.9,143.89,10.9,0.705,3.0,Mainstream
10880,Male,30,36.3,26,5.9,87.06,15.1,0.668,2.5,Budget Conscious
10455,Female,34,63.8,43,10.2,130.94,11.5,0.805,2.3,Mainstream
10341,Female,51,48.8,48,9.2,115.3,13.7,0.329,6.2,Mainstream
10099,Male,37,55.9,43,7.7,151.6,22.1,0.608,5.5,Mainstream
10914,Female,43,30.1,32,0.6,43.31,20.5,0.622,4.0,Budget Conscious
11123,Male,45,77.5,20,6.0,151.31,11.7,0.606,5.5,Affluent Savers
10877,Female,37,32.3,30,9.3,72.63,12.9,0.592,2.5,Budget Conscious
10740,Male,40,84.3,90,13.8,223.14,29.8,0.571,2.0,Premium Loyalists
11409,Female,33,37.3,91,12.6,102.77,41.9,0.634,6.3,Young Aspirational
11218,Male,65,80.0,27,4.6,160.69,16.1,0.14,10.3,Affluent Savers
11157,Female,53,88.3,22,4.6,113.96,13.1,0.373,5.0,Affluent Savers
11212,Female,33,88.7,24,7.1,150.94,17.7,0.727,1.9,Affluent Savers
11535,Female,32,79.6,1,0.5,89.98,4.4,0.343,2.3,Noise
10097,Male,39,52.0,61,6.9,147.43,28.7,0.398,4.6,Mainstream
10879,Male,35,20.7,20,9.9,37.77,8.9,0.53,4.9,Budget Conscious
10342,Female,18,52.5,38,5.2,158.96,22.5,0.723,3.1,Mainstream
11372,Female,25,26.6,76,15.8,139.22,31.2,0.829,4.5,Young Aspirational
10187,Female,46,47.2,49,9.2,116.41,27.2,0.653,4.8,Mainstream
11430,Male,22,48.7,64,7.9,133.52,27.7,0.659,6.1,Young Aspirational
10653,Male,51,89.5,87,15.2,221.24,28.5,0.465,5.3,Premium Loyalists
10025,Male,31,53.0,46,5.2,129.25,17.5,0.476,0.9,Mainstream
10111,Female,40,58.1,53,9.4,106.8,20.8,0.471,7.1,Mainstream
10016,Female,54,45.8,33,3.4,130.61,12.9,0.384,5.6,Mainstream
10359,Female,44,64.6,65,9.6,127.56,24.7,0.41,5.0,Mainstream
11391,Male,26,40.7,78,9.9,101.94,28.0,0.642,1.0,Young Aspirational
11395,Female,36,24.3,69,13.6,118.88,19.5,0.428,4.4,Young Aspirational
10596,Female,33,96.0,78,10.5,201.22,23.1,0.484,3.4,Premium Loyalists
10783,Male,53,82.2,80,11.2,196.73,29.3,0.187,7.7,Premium Loyalists
10410,Male,31,62.8,41,7.3,142.36,18.9,0.753,2.3,Mainstream
10148,Female,42,58.6,53,7.0,124.39,23.5,0.465,4.6,Mainstream
11520,Male,20,23.7,64,11.0,104.29,21.1,0.621,0.2,Young Aspirational
10838,Male,24,39.0,23,3.5,94.94,15.8,0.642,1.2,Budget Conscious
10331,Female,21,69.6,61,7.8,130.37,19.4,0.623,1.4,Mainstream
11026,Male,50,18.6,13,3.6,59.36,11.6,0.454,3.6,Budget Conscious
10782,Male,39,91.9,87,13.6,198.98,19.5,0.492,5.2,Premium Loyalists
11047,Female,29,18.3,27,6.6,34.99,22.7,0.838,5.5,Budget Conscious
10829,Male,70,21.5,10,0.5,34.83,9.4,0.198,7.3,Budget Conscious
10934,Male,45,20.6,13,4.6,28.97,17.7,0.484,5.9,Budget Conscious
10801,Female,42,85.8,80,11.8,214.87,27.1,0.435,3.5,Premium Loyalists
10360,Female,22,66.4,46,13.1,99.29,25.1,0.594,4.7,Mainstream
11106,Male,42,28.9,20,11.3,24.96,1.0,0.263,4.6,Budget Conscious
11568,Male,43,31.5,73,12.4,94.33,27.7,0.585,3.2,Noise
10047,Female,23,61.4,52,9.8,115.02,7.9,0.53,6.1,Mainstream
10654,Female,38,80.8,83,11.6,226.25,20.7,0.41,5.2,Premium Loyalists
11477,Male,30,46.6,81,10.7,126.2,19.6,0.564,2.3,Young Aspirational
10194,Female,39,51.9,50,10.2,119.63,30.9,0.565,4.0,Mainstream
11196,Male,51,76.8,19,6.3,134.02,11.9,0.627,7.9,Affluent Savers
10749,Female,50,89.8,80,13.3,242.66,24.3,0.451,4.8,Premium Loyalists
10508,Female,29,71.1,51,8.4,190.74,17.5,0.787,3.6,Mainstream
10027,Female,26,69.8,58,6.4,166.46,17.6,0.703,7.3,Mainstream
10919,Male,28,24.1,26,0.6,12.65,15.7,0.424,2.2,Budget Conscious
11063,Female,56,27.5,21,7.5,56.42,19.2,0.332,6.2,Budget Conscious
10518,Female,46,61.6,54,11.5,144.86,17.2,0.598,6.4,Mainstream
10958,Male,43,25.4,23,11.2,86.01,9.7,0.476,4.6,Budget Conscious
10799,Female,49,87.5,82,11.3,208.48,28.8,0.212,6.6,Premium Loyalists
11335,Female,49,74.4,30,3.7,119.22,19.7,0.39,5.2,Affluent Savers
11163,Female,50,78.7,27,1.9,197.11,15.7,0.273,5.8,Affluent Savers
11393,Male,29,23.4,83,10.9,138.85,29.4,0.458,3.2,Young Aspirational
11496,Female,28,6.3,84,12.6,56.25,27.9,0.498,3.7,Young Aspirational
10791,Female,29,91.4,77,11.8,198.36,29.6,0.696,2.3,Premium Loyalists
11138,Female,49,85.8,29,5.1,148.04,6.4,0.695,7.0,Affluent Savers
11191,Male,47,93.5,28,1.9,192.71,15.8,0.33,6.4,Affluent Savers
10852,Male,37,19.3,25,3.5,32.19,21.1,0.741,7.3,Budget Conscious
11343,Male,28,29.8,64,12.4,97.01,38.5,0.646,1.7,Young Aspirational
11254,Female,58,81.4,19,1.7,138.19,21.3,0.238,6.1,Affluent Savers
10253,Female,34,81.4,67,13.4,228.23,28.4,0.62,2.9,Mainstream
11012,Male,44,31.7,24,4.0,50.96,19.0,0.506,5.7,Budget Conscious
10636,Male,18,94.2,88,17.4,236.77,35.6,0.901,1.1,Premium Loyalists
10474,Male,18,72.9,31,7.0,114.39,12.7,0.579,0.5,Mainstream
10165,Male,31,69.0,55,9.4,197.38,17.5,0.387,1.2,Mainstream
11267,Male,60,84.9,31,3.1,179.11,19.7,0.291,7.5,Affluent Savers
11587,Female,35,92.3,42,3.8,150.38,10.3,0.608,3.4,Noise
10208,Female,18,58.8,53,7.6,138.48,12.4,0.737,2.8,Mainstream
10947,Female,33,22.3,24,9.8,33.07,5.0,0.593,4.6,Budget Conscious
10263,Female,45,51.0,38,5.0,157.4,23.9,0.4,4.6,Mainstream
11135,Male,58,91.6,13,5.3,141.44,14.7,0.298,7.2,Affluent Savers
10502,Male,47,57.1,57,4.2,117.69,21.2,0.573,5.5,Mainstream
10652,Female,50,81.8,79,12.8,171.43,26.6,0.354,4.4,Premium Loyalists
10021,Female,36,49.7,48,5.5,117.87,24.0,0.689,5.5,Mainstream
11076,Female,55,30.0,28,10.5,56.44,15.9,0.404,6.8,Budget Conscious
10098,Female,38,70.8,52,11.5,160.37,15.3,0.593,1.4,Mainstream
11083,Male,47,21.1,16,5.1,26.93,18.4,0.332,3.5,Budget Conscious
11275,Male,47,95.6,15,0.6,159.15,13.3,0.331,5.7,Affluent Savers
11263,Male,39,80.5,15,0.5,120.8,15.2,0.583,1.3,Affluent Savers
11022,Male,32,36.5,11,3.3,95.43,17.3,0.567,6.3,Budget Conscious
10499,Male,28,52.1,45,10.4,95.19,18.9,0.553,2.2,Mainstream
10836,Male,35,26.8,28,7.5,93.67,12.3,0.328,3.7,Budget Conscious
10906,Female,49,23.4,25,5.1,48.1,11.2,0.54,5.9,Budget Conscious
11321,Male,50,91.9,24,0.5,181.96,12.7,0.255,4.0,Affluent Savers
10276,Male,58,52.1,51,5.0,90.75,27.3,0.429,5.1,Mainstream
10504,Female,37,55.6,43,9.1,88.55,23.7,0.634,3.0,Mainstream
10798,Male,43,86.9,80,13.9,182.91,13.0,0.329,3.6,Premium Loyalists
11320,Male,34,75.5,17,1.4,155.57,20.1,0.517,3.5,Affluent Savers
10384,Male,53,60.7,46,8.4,142.78,21.7,0.4,6.4,Mainstream
11103,Male,65,26.5,21,3.9,102.21,11.5,0.025,8.2,Budget Conscious
11086,Female,48,35.3,22,4.3,81.7,17.5,0.338,5.2,Budget Conscious
11541,Female,41,87.8,28,7.4,178.76,7.8,0.675,3.7,Noise
10129,Male,33,57.2,45,12.3,129.06,14.5,0.695,4.1,Mainstream
11606,Male,31,56.0,43,0.8,137.94,8.2,0.522,4.2,Noise
11411,Male,22,30.5,57,11.4,126.14,17.3,0.611,3.6,Young Aspirational
10314,Female,42,52.8,61,7.3,98.93,23.0,0.51,4.7,Mainstream
10981,Female,62,29.1,32,6.5,57.54,16.7,0.287,6.7,Budget Conscious
10370,Female,44,82.2,48,9.5,161.17,18.5,0.477,5.1,Mainstream
11269,Male,46,96.2,31,2.4,202.28,15.1,0.441,3.3,Affluent Savers
10377,Female,63,52.9,69,12.0,155.1,26.1,0.165,6.1,Mainstream
10152,Male,49,54.0,42,6.4,80.12,23.8,0.488,6.3,Mainstream
10379,Male,49,59.3,61,12.0,132.56,27.5,0.377,4.6,Mainstream
11367,Male,23,42.0,87,12.0,127.01,21.4,0.745,1.7,Young Aspirational
11458,Female,18,43.7,79,11.6,104.44,26.4,0.518,2.9,Young Aspirational
10867,Female,54,17.5,24,2.8,57.05,16.7,0.427,4.8,Budget Conscious
11431,Male,27,21.4,56,7.8,79.7,21.1,0.456,3.3,Young Aspirational
11332,Male,50,97.3,24,0.5,161.62,18.0,0.323,2.4,Affluent Savers
10870,Male,35,37.3,27,9.2,75.47,23.4,0.667,4.0,Budget Conscious
11242,Female,44,100.1,23,4.2,201.36,5.4,0.259,3.9,Affluent Savers
10814,Female,34,89.1,88,8.0,240.31,26.5,0.704,4.5,Premium Loyalists
10817,Female,49,93.9,82,14.6,157.58,30.9,0.347,6.1,Premium Loyalists
10586,Female,43,94.0,80,8.7,204.35,23.9,0.449,6.0,Premium Loyalists
10708,Male,35,88.9,91,13.0,206.3,26.8,0.452,3.0,Premium Loyalists
10976,Male,51,32.3,26,4.2,35.53,20.0,0.35,7.3,Budget Conscious
10741,Female,39,91.4,82,13.5,215.96,32.7,0.374,4.4,Premium Loyalists
10841,Male,39,29.7,25,4.2,82.56,14.6,0.344,6.1,Budget Conscious
11096,Male,42,33.0,36,7.9,92.38,10.6,0.429,5.0,Budget Conscious
10701,Male,53,89.4,89,16.6,193.96,27.9,0.55,5.1,Premium Loyalists
10431,Female,39,73.2,48,10.7,196.87,21.5,0.368,6.6,Mainstream
10826,Female,45,23.9,20,6.3,30.34,11.0,0.404,6.7,Budget Conscious
10894,Male,38,23.1,17,6.3,10.0,9.4,0.631,4.5,Budget Conscious
10604,Female,49,92.8,84,14.9,211.32,20.6,0.52,4.3,Premium Loyalists
11282,Male,60,83.2,22,7.2,136.29,15.9,0.372,6.8,Affluent Savers
10598,Male,40,91.4,86,16.2,216.17,26.1,0.419,6.2,Premium Loyalists
10056,Female,51,53.6,48,4.7,116.03,16.9,0.468,6.6,Mainstream
11132,Male,44,73.1,30,8.3,128.71,24.4,0.596,5.6,Affluent Savers
10472,Female,44,47.6,54,11.0,93.29,14.6,0.455,8.3,Mainstream
11094,Male,40,24.9,9,7.1,10.0,4.2,0.509,4.1,Budget Conscious
11172,Female,40,86.3,10,3.7,136.01,16.4,0.113,6.0,Affluent Savers
10413,Male,37,70.5,63,9.1,160.57,22.2,0.773,4.7,Mainstream
10994,Male,55,24.9,36,11.2,73.94,20.3,0.352,6.5,Budget Conscious
10171,Female,48,71.9,67,11.1,165.31,28.3,0.432,5.3,Mainstream
10949,Female,41,28.0,22,5.1,44.47,20.0,0.647,3.3,Budget Conscious
10839,Female,30,18.1,26,4.8,60.34,21.5,0.477,5.9,Budget Conscious
10611,Female,33,85.6,87,13.2,186.32,28.3,0.64,6.6,Premium Loyalists
11441,Female,27,21.2,95,13.9,90.26,30.1,0.583,1.9,Young Aspirational
11230,Male,32,76.8,20,6.6,110.91,17.6,0.336,2.8,Affluent Savers
10326,Female,42,46.4,36,5.3,83.39,8.8,0.583,4.4,Mainstream
10327,Male,26,53.1,32,8.7,125.66,24.8,0.582,0.0,Mainstream
10465,Female,36,59.1,52,9.5,126.89,19.0,0.568,2.3,Mainstream
10265,Female,35,47.1,57,7.6,132.2,20.3,0.476,2.9,Mainstream
10759,Male,36,87.2,86,12.6,223.53,28.9,0.707,3.4,Premium Loyalists
10298,Male,45,69.2,56,13.1,167.27,18.8,0.601,5.5,Mainstream
11179,Male,43,96.1,11,0.5,181.03,7.3,0.722,3.9,Affluent Savers
10055,Male,31,62.4,34,6.7,110.6,19.0,0.99,5.5,Mainstream
10659,Female,37,87.9,81,9.4,202.8,28.6,0.608,5.3,Premium Loyalists
10397,Male,33,52.2,49,7.0,149.07,17.1,0.548,6.9,Mainstream
10761,Female,37,82.9,80,10.8,214.61,19.1,0.665,4.4,Premium Loyalists
11118,Male,39,21.2,22,0.8,16.58,8.8,0.569,5.1,Budget Conscious
10427,Male,24,51.6,44,9.6,85.46,19.3,0.631,0.0,Mainstream
10849,Female,47,32.6,19,4.1,52.6,15.5,0.647,4.5,Budget Conscious
11119,Female,33,23.8,21,1.7,94.29,17.7,0.596,2.9,Budget Conscious
11610,Male,56,99.1,66,12.7,208.03,34.0,0.189,3.5,Noise
11352,Male,32,19.3,67,10.2,82.72,19.5,0.622,3.3,Young Aspirational
10214,Female,41,42.4,55,11.7,125.38,19.3,0.406,4.8,Mainstream
10923,Female,52,26.1,19,7.3,72.84,17.4,0.229,6.7,Budget Conscious
11232,Male,71,85.3,23,7.0,155.82,8.4,0.052,8.6,Affluent Savers
11573,Male,44,53.0,52,9.6,132.76,23.8,0.44,3.8,Noise
11073,Male,43,20.9,26,4.6,10.0,18.9,0.457,5.3,Budget Conscious
10639,Male,37,89.6,83,13.8,220.57,27.4,0.51,4.3,Premium Loyalists
11570,Male,44,65.2,60,13.2,203.2,13.8,0.59,7.6,Noise
10200,Female,55,58.5,42,4.9,140.17,15.4,0.298,8.1,Mainstream
11472,Female,25,20.1,81,12.3,91.48,28.1,0.645,2.0,Young Aspirational
10721,Female,54,89.0,80,6.4,220.42,31.7,0.51,5.8,Premium Loyalists
10705,Female,47,82.9,81,13.7,200.91,21.3,0.426,2.5,Premium Loyalists
11392,Male,18,40.7,73,13.7,134.94,22.7,0.581,1.8,Young Aspirational
11206,Male,48,77.0,30,5.4,137.87,17.0,0.199,5.2,Affluent Savers
10217,Male,47,69.6,40,6.9,117.44,17.2,0.592,5.9,Mainstream
10766,Male,28,88.3,76,15.3,227.5,30.7,0.599,4.2,Premium Loyalists
10254,Male,18,38.9,36,5.3,105.61,18.5,0.697,0.0,Mainstream
10153,Male,35,64.6,44,8.4,150.99,19.5,0.572,2.0,Mainstream
10195,Female,42,64.4,40,3.8,107.67,13.6,0.472,4.2,Mainstream
10466,Male,43,55.3,53,6.1,96.06,18.0,0.375,4.6,Mainstream
11229,Female,37,85.1,26,5.1,142.95,13.3,0.35,3.5,Affluent Savers
11467,Male,30,40.8,95,11.0,126.51,35.2,0.822,2.0,Young Aspirational
10069,Female,52,50.9,53,7.7,74.41,24.7,0.169,7.1,Mainstream
10464,Female,42,56.7,54,4.9,107.36,15.3,0.488,8.1,Mainstream
10131,Male,25,61.2,50,9.1,132.04,16.5,0.51,3.8,Mainstream
11359,Female,21,28.5,90,13.9,171.62,30.2,0.706,1.0,Young Aspirational
11293,Male,49,82.2,25,3.3,116.31,11.3,0.425,8.5,Affluent Savers
10301,Female,29,57.9,43,6.9,121.73,16.5,0.596,2.7,Mainstream
10493,Female,49,51.7,51,10.2,91.1,15.2,0.479,5.8,Mainstream
11341,Male,36,31.2,82,11.4,79.63,24.5,0.522,4.0,Young Aspirational
10818,Male,36,85.6,83,12.3,175.14,32.6,0.77,7.9,Premium Loyalists
11318,Male,45,84.8,19,6.3,89.63,11.6,0.331,7.3,Affluent Savers
10986,Male,38,31.2,31,7.6,62.58,15.6,0.777,3.9,Budget Conscious
10241,Female,51,48.1,57,8.1,142.71,21.6,0.351,7.8,Mainstream
10699,Female,49,87.6,87,11.9,222.67,22.3,0.302,4.4,Premium Loyalists
10638,Female,56,95.7,88,11.2,262.98,25.8,0.325,8.2,Premium Loyalists
10846,Female,54,31.8,15,3.2,26.23,5.2,0.239,4.2,Budget Conscious
10188,Female,32,40.6,60,10.1,154.89,16.7,0.692,2.9,Mainstream
10807,Male,38,88.6,84,8.3,192.15,28.8,0.616,3.9,Premium Loyalists
11184,Female,63,83.4,28,6.1,153.91,8.0,0.217,6.3,Affluent Savers
11428,Male,24,13.4,82,16.1,77.2,34.9,0.484,3.2,Young Aspirational
10682,Female,51,89.4,84,14.3,224.8,30.0,0.558,4.5,Premium Loyalists
10181,Male,38,56.8,53,10.6,132.05,20.7,0.393,4.0,Mainstream
10303,Male,43,59.2,58,10.8,97.51,19.3,0.652,4.1,Mainstream
10284,Female,21,62.9,47,5.7,168.24,28.9,0.776,0.0,Mainstream
10411,Male,34,52.8,62,9.0,120.94,21.9,0.643,2.0,Mainstream
11070,Male,40,35.2,19,5.3,64.54,14.5,0.565,5.2,Budget Conscious
11558,Male,62,40.2,19,2.7,88.5,14.8,0.231,7.0,Noise
10695,Male,37,88.6,85,12.6,213.82,31.9,0.527,3.4,Premium Loyalists
11337,Male,62,91.3,24,4.5,177.67,8.7,0.301,5.5,Affluent Savers
10588,Female,46,91.6,88,13.5,220.44,34.7,0.311,5.5,Premium Loyalists
10541,Female,58,85.3,85,12.5,173.52,29.1,0.324,4.6,Premium Loyalists
10110,Male,49,63.1,47,10.9,109.31,14.0,0.402,4.3,Mainstream
11398,Male,30,33.8,65,12.0,79.48,27.1,0.683,2.5,Young Aspirational
10123,Female,35,51.0,28,3.1,80.04,22.5,0.524,1.1,Mainstream
10737,Female,45,84.7,84,10.9,210.81,26.8,0.27,7.9,Premium Loyalists
10281,Male,30,56.5,52,14.3,123.8,15.6,0.312,5.2,Mainstream
11538,Female,24,44.6,8,6.9,113.73,12.3,0.775,2.3,Noise
10752,Male,47,87.7,81,11.9,220.87,25.2,0.27,5.3,Premium Loyalists
10736,Female,21,85.2,82,13.6,191.41,32.4,0.661,5.3,Premium Loyalists
11326,Female,44,82.0,14,8.7,91.88,17.6,0.816,6.4,Affluent Savers
11154,Female,39,86.5,27,6.5,187.47,20.8,0.442,4.4,Affluent Savers
10566,Male,39,86.6,87,11.2,201.35,22.7,0.447,4.0,Premium Loyalists
10451,Male,31,54.7,48,3.0,113.78,16.7,0.546,2.9,Mainstream
10670,Male,43,90.1,77,16.4,173.05,26.5,0.443,6.7,Premium Loyalists
11116,Female,18,26.5,30,5.1,55.99,18.1,0.59,2.5,Budget Conscious
10672,Male,43,80.2,79,9.5,187.5,25.7,0.41,5.8,Premium Loyalists
11158,Female,46,95.1,19,7.6,195.16,7.1,0.22,4.4,Affluent Savers
11516,Male,34,37.9,61,9.0,128.22,33.3,0.883,2.4,Young Aspirational
11544,Male,31,35.8,100,17.2,138.97,40.3,0.468,0.0,Noise
11452,Male,21,32.7,64,9.8,83.08,36.9,0.73,5.1,Young Aspirational
10068,Female,29,74.0,54,9.9,164.61,22.5,0.602,4.2,Mainstream
10718,Male,44,89.8,79,12.7,201.32,27.9,0.568,3.0,Premium Loyalists
10631,Male,44,84.8,79,11.8,184.67,23.6,0.519,3.8,Premium Loyalists
10554,Female,41,92.6,95,15.7,264.18,44.5,0.397,2.9,Premium Loyalists
10719,Male,51,87.7,76,8.6,189.82,22.8,0.336,8.2,Premium Loyalists
10542,Male,43,87.0,74,10.1,258.03,24.9,0.668,4.6,Premium Loyalists
11307,Female,36,69.5,36,5.8,115.71,17.3,0.463,5.7,Affluent Savers
10667,Female,56,87.4,85,16.1,194.01,30.5,0.479,8.0,Premium Loyalists
10390,Male,46,65.2,42,3.6,124.42,18.6,0.444,3.6,Mainstream
10875,Male,48,23.2,11,2.5,30.77,8.5,0.23,7.4,Budget Conscious
10511,Male,21,53.8,50,6.2,112.06,23.5,0.954,2.7,Mainstream
10373,Male,21,51.9,55,6.2,164.81,12.4,0.682,2.0,Mainstream
10582,Female,35,86.8,87,8.5,200.3,23.0,0.558,1.4,Premium Loyalists
11018,Female,65,30.6,14,3.3,57.33,7.1,0.307,6.3,Budget Conscious
10319,Male,33,65.8,45,6.8,149.38,20.2,0.279,3.4,Mainstream
10230,Female,45,55.9,48,10.2,117.39,14.4,0.615,3.4,Mainstream
10644,Female,43,86.2,80,13.4,207.76,33.5,0.486,5.6,Premium Loyalists
10649,Male,49,83.2,82,13.5,141.62,31.4,0.44,6.3,Premium Loyalists
11187,Female,51,88.6,23,6.4,146.77,17.1,0.278,5.0,Affluent Savers
10133,Female,37,48.8,53,10.7,116.18,19.0,0.483,1.3,Mainstream
11585,Male,38,44.2,67,8.0,81.73,27.2,0.544,4.4,Noise
11608,Male,26,61.3,31,5.7,143.85,25.6,0.734,3.4,Noise
11571,Male,64,58.1,44,3.8,95.25,17.7,0.376,9.8,Noise
11277,Male,39,74.0,17,2.8,124.32,12.7,0.477,2.9,Affluent Savers
10225,Female,37,48.1,45,5.5,100.88,13.8,0.556,4.5,Mainstream
11377,Female,32,27.1,63,9.3,59.3,34.3,0.396,6.5,Young Aspirational
10789,Female,41,86.8,77,8.4,163.35,26.9,0.355,3.5,Premium Loyalists
11532,Female,32,89.3,71,12.5,216.84,26.6,0.651,5.7,Noise
11095,Male,46,29.0,19,4.9,70.99,11.4,0.346,4.8,Budget Conscious
10126,Female,29,58.5,55,8.2,130.77,26.8,0.476,2.5,Mainstream
10547,Female,40,88.0,82,11.5,199.4,27.1,0.357,5.1,Premium Loyalists
11170,Female,39,90.8,25,4.8,165.3,9.1,0.398,2.9,Affluent Savers
10956,Male,58,18.3,18,4.2,45.84,7.6,0.269,6.7,Budget Conscious
11296,Female,50,86.7,29,5.9,175.31,17.8,0.419,5.2,Affluent Savers
10756,Male,32,84.4,76,7.6,184.78,25.9,0.704,3.1,Premium Loyalists
10569,Male,46,91.1,76,14.4,233.63,20.9,0.309,4.4,Premium Loyalists
10387,Male,47,48.3,56,6.1,95.41,7.7,0.572,8.4,Mainstream
10290,Male,46,57.6,54,11.0,124.29,24.2,0.412,5.1,Mainstream
11006,Female,49,28.0,15,4.2,92.63,11.8,0.271,4.9,Budget Conscious
10971,Male,45,18.5,22,2.4,69.65,11.4,0.369,3.7,Budget Conscious
11228,Female,37,80.2,11,5.3,152.97,4.7,0.817,1.3,Affluent Savers
10054,Male,40,66.5,54,5.8,144.57,23.9,0.646,3.6,Mainstream
10657,Female,62,91.1,87,11.9,237.36,28.1,0.23,5.9,Premium Loyalists
10685,Female,22,92.4,89,7.6,243.9,32.9,0.955,3.2,Premium Loyalists
11425,Female,31,51.9,88,13.0,184.77,28.2,0.622,2.8,Young Aspirational
10831,Female,55,29.3,34,4.1,56.09,14.6,0.454,8.6,Budget Conscious
10869,Male,29,23.7,8,0.5,51.41,10.5,0.628,0.2,Budget Conscious
10041,Female,41,58.8,43,5.8,132.08,14.8,0.663,1.5,Mainstream
10340,Male,54,56.3,46,6.2,174.04,13.5,0.143,7.2,Mainstream
10803,Male,33,87.6,83,13.5,229.21,27.3,0.631,5.1,Premium Loyalists
11468,Male,21,23.9,78,12.5,142.11,27.9,0.689,1.3,Young Aspirational
11200,Male,50,89.0,26,7.8,171.06,8.9,0.498,3.3,Affluent Savers
10747,Male,28,85.6,80,8.6,188.37,20.9,0.294,2.1,Premium Loyalists
10084,Female,35,49.4,46,2.5,99.44,15.1,0.576,2.7,Mainstream
11589,Male,57,73.0,19,6.4,160.56,11.8,0.443,5.9,Noise
10116,Male,39,71.5,57,13.4,176.53,15.6,0.42,4.1,Mainstream
11241,Male,50,92.3,39,4.3,161.86,16.1,0.282,3.0,Affluent Savers
10354,Male,43,60.9,59,11.3,173.96,16.4,0.426,5.1,Mainstream
10962,Male,59,17.5,21,7.9,10.0,10.7,0.483,7.2,Budget Conscious
10876,Female,54,36.6,33,5.5,71.35,17.4,0.207,6.6,Budget Conscious
11260,Male,62,78.4,18,9.4,145.95,11.4,0.282,8.5,Affluent Savers
10514,Female,34,72.7,65,11.1,147.57,23.2,0.585,2.4,Mainstream
11042,Female,54,28.1,29,8.5,71.8,15.5,0.299,4.2,Budget Conscious
11344,Male,23,39.9,78,12.4,156.78,36.0,0.779,3.5,Young Aspirational
11055,Female,38,21.6,15,10.0,43.47,13.7,0.542,2.8,Budget Conscious
11559,Female,24,22.3,20,4.8,55.07,14.8,0.653,3.1,Noise
10921,Male,44,21.1,18,5.9,39.37,6.4,0.581,7.5,Budget Conscious
11303,Male,43,93.0,29,4.5,144.94,11.9,0.502,4.9,Affluent Savers
11466,Female,34,31.9,60,11.0,89.13,31.5,0.413,2.5,Young Aspirational
10049,Male,45,72.9,53,8.9,137.33,23.6,0.44,5.6,Mainstream
10888,Female,50,18.8,15,1.4,29.78,4.7,0.26,5.8,Budget Conscious
10468,Female,38,52.4,51,9.2,122.65,21.0,0.39,2.9,Mainstream
10154,Male,46,52.7,60,9.0,83.45,14.6,0.51,5.1,Mainstream
10395,Female,41,66.3,57,10.9,126.1,24.7,0.52,6.8,Mainstream
10124,Female,21,54.7,68,11.5,142.28,20.8,0.617,4.1,Mainstream
10356,Male,58,54.0,54,7.7,100.88,30.8,0.288,4.3,Mainstream
10135,Female,37,57.6,50,6.1,88.42,13.5,0.443,3.8,Mainstream
10269,Female,18,54.9,60,12.8,109.06,28.5,0.782,0.5,Mainstream
10386,Male,28,38.2,46,5.4,99.35,15.4,0.648,3.9,Mainstream
10221,Female,49,57.4,53,6.7,136.76,22.7,0.321,7.4,Mainstream
10042,Male,36,62.7,50,7.0,205.38,13.7,0.611,3.6,Mainstream
10220,Male,33,60.0,57,10.9,121.85,24.2,0.642,0.7,Mainstream
11059,Female,40,27.0,9,5.9,58.87,10.3,0.339,3.6,Budget Conscious
10916,Female,36,16.3,20,8.0,37.34,13.0,0.381,2.9,Budget Conscious
11048,Female,58,35.7,20,2.9,103.52,13.6,0.274,6.4,Budget Conscious
11333,Male,54,70.8,27,8.6,86.32,21.4,0.515,6.0,Affluent Savers
11126,Female,21,80.1,14,5.5,143.09,12.5,0.841,4.5,Affluent Savers
11211,Female,35,86.7,26,3.6,175.79,7.7,0.532,4.8,Affluent Savers
11309,Male,59,95.8,28,1.8,151.0,13.5,0.292,8.9,Affluent Savers
10732,Female,39,88.5,81,13.0,210.07,22.8,0.448,5.7,Premium Loyalists
10694,Male,41,87.5,82,13.3,220.99,24.5,0.573,5.8,Premium Loyalists
11039,Male,36,30.4,27,4.7,81.57,6.2,0.49,5.0,Budget Conscious
10748,Male,46,81.7,77,9.6,230.56,28.0,0.398,6.0,Premium Loyalists
11262,Female,44,83.4,19,9.6,155.49,12.0,0.35,4.6,Affluent Savers
10703,Female,25,91.3,79,9.4,195.88,28.6,0.721,2.9,Premium Loyalists
11427,Male,26,17.8,75,14.4,46.16,26.9,0.849,5.2,Young Aspirational
11401,Female,28,57.4,100,12.8,167.0,28.1,0.576,3.4,Young Aspirational
11456,Male,19,28.8,73,12.4,105.75,25.0,0.489,1.2,Young Aspirational
11129,Male,46,81.4,25,0.6,154.32,17.2,0.496,6.5,Affluent Savers
10573,Male,51,85.4,76,10.8,209.02,31.2,0.273,5.9,Premium Loyalists
10337,Male,44,70.6,47,11.3,185.23,15.5,0.625,4.9,Mainstream
10233,Female,34,68.3,55,11.4,107.99,24.2,0.641,6.0,Mainstream
11322,Female,56,87.2,27,5.1,128.93,17.6,0.387,5.2,Affluent Savers
11077,Female,43,24.6,23,7.9,56.52,16.5,0.433,3.3,Budget Conscious
10469,Male,60,66.4,57,10.1,130.81,9.5,0.306,5.6,Mainstream
11509,Male,27,20.5,82,18.7,80.09,30.2,0.751,3.2,Young Aspirational
11584,Female,42,92.9,28,8.2,181.27,9.2,0.412,3.4,Noise
11280,Female,39,89.9,20,7.0,203.66,10.2,0.449,4.8,Affluent Savers
10206,Male,39,81.8,46,6.8,156.69,19.7,0.56,3.5,Mainstream
10004,Female,39,59.0,47,6.7,109.58,17.3,0.452,6.8,Mainstream
10757,Male,37,86.6,79,13.4,207.67,14.4,0.567,2.0,Premium Loyalists
10587,Female,42,94.5,86,12.7,209.92,36.7,0.576,6.2,Premium Loyalists
11553,Male,26,98.1,50,12.2,208.86,15.6,0.703,3.0,Noise
11476,Male,31,21.6,63,10.1,111.64,16.2,0.787,3.0,Young Aspirational
11349,Female,18,12.3,95,15.3,68.34,32.7,0.806,2.8,Young Aspirational
10856,Male,31,32.7,27,5.5,105.35,17.1,0.438,2.5,Budget Conscious
11327,Male,44,86.4,28,5.4,160.08,21.8,0.382,7.1,Affluent Savers
10661,Male,37,90.1,84,14.1,195.71,28.6,0.489,3.5,Premium Loyalists
10811,Male,37,89.2,81,1.2,208.96,25.6,0.242,4.5,Premium Loyalists
11599,Male,29,52.7,8,0.5,106.27,16.3,0.607,0.0,Noise
10650,Female,28,86.9,80,14.0,217.37,26.2,0.459,2.6,Premium Loyalists
10706,Male,33,95.4,87,10.9,217.71,36.4,0.384,1.1,Premium Loyalists
10780,Male,22,98.3,88,12.5,259.66,28.9,0.666,1.3,Premium Loyalists
11281,Male,60,91.9,22,2.7,135.9,14.5,0.23,6.1,Affluent Savers
10158,Female,28,54.1,43,6.2,117.09,12.9,0.755,3.6,Mainstream
11195,Male,34,78.3,21,6.4,135.39,9.2,0.572,3.4,Affluent Savers
10463,Female,53,48.1,62,14.7,151.54,24.9,0.471,6.7,Mainstream
10161,Female,23,53.8,44,8.8,128.01,14.7,0.51,3.9,Mainstream
10306,Male,63,63.7,58,8.5,140.36,21.4,0.119,8.2,Mainstream
10548,Male,37,89.1,86,13.5,247.43,30.7,0.514,3.0,Premium Loyalists
10396,Female,37,70.4,48,6.6,209.53,17.9,0.445,4.9,Mainstream
10400,Male,50,50.8,43,5.4,66.33,19.0,0.487,7.2,Mainstream
11233,Male,42,93.9,34,5.9,183.39,16.2,0.473,2.9,Affluent Savers
11051,Male,42,25.6,17,7.5,59.48,13.3,0.405,4.9,Budget Conscious
11207,Female,37,80.9,31,7.5,142.49,29.3,0.621,3.7,Affluent Savers
11345,Female,30,32.8,78,10.2,101.54,20.3,0.669,5.9,Young Aspirational
10979,Female,72,26.9,26,6.2,57.16,12.1,0.158,10.4,Budget Conscious
10862,Male,39,29.1,18,4.9,46.14,16.2,0.499,6.2,Budget Conscious
10063,Female,45,50.2,46,5.1,98.22,31.5,0.668,4.5,Mainstream
11518,Male,28,6.3,68,6.5,61.17,22.5,0.567,0.8,Young Aspirational
10458,Female,25,44.5,50,6.6,105.58,23.0,0.597,3.3,Mainstream
10610,Male,50,90.7,85,11.0,227.36,34.5,0.381,5.3,Premium Loyalists
10479,Female,35,48.1,66,14.0,149.19,37.0,0.326,1.8,Mainstream
11024,Female,64,34.6,22,3.2,14.08,12.3,0.364,6.1,Budget Conscious
11189,Female,50,85.9,33,7.5,147.03,9.9,0.306,5.2,Affluent Savers
11485,Female,31,9.3,63,8.0,58.44,30.1,0.544,1.2,Young Aspirational
10702,Male,39,92.2,92,15.5,201.86,45.3,0.438,7.0,Premium Loyalists
11141,Female,57,87.8,29,7.6,170.3,13.1,0.477,9.0,Affluent Savers
11304,Female,33,87.8,27,10.4,154.86,12.7,0.433,5.0,Affluent Savers
10348,Male,26,68.2,51,6.1,120.82,17.7,0.614,2.0,Mainstream
10903,Female,42,24.7,19,5.6,83.54,16.7,0.336,2.8,Budget Conscious
10447,Male,48,60.6,53,10.0,135.9,24.7,0.56,4.5,Mainstream
11437,Male,27,24.6,81,10.7,95.44,21.9,0.763,1.2,Young Aspirational
10380,Female,38,51.0,48,8.2,147.54,19.4,0.629,3.8,Mainstream
10565,Female,50,90.4,81,10.4,217.83,27.3,0.503,3.1,Premium Loyalists
11390,Male,19,30.1,67,13.9,117.78,26.5,0.624,2.1,Young Aspirational
10961,Male,38,26.8,16,4.4,60.7,11.7,0.327,6.3,Budget Conscious
10985,Male,48,23.4,20,1.0,30.52,19.8,0.442,3.2,Budget Conscious
10232,Female,54,81.0,49,8.1,195.36,25.2,0.32,4.6,Mainstream
10383,Female,42,66.1,37,6.1,125.84,18.0,0.528,5.5,Mainstream
10770,Male,37,93.0,81,10.8,199.73,26.6,0.443,1.5,Premium Loyalists
10073,Male,25,66.0,53,11.6,203.81,18.0,0.548,2.9,Mainstream
10071,Female,54,61.0,41,11.2,152.36,15.8,0.479,5.9,Mainstream
10772,Female,54,86.0,82,11.8,177.9,22.4,0.406,2.4,Premium Loyalists
10664,Male,38,90.7,79,13.6,182.25,28.0,0.358,3.9,Premium Loyalists
10172,Female,33,55.1,52,7.3,104.48,18.4,0.464,3.2,Mainstream
10169,Female,63,60.7,56,10.1,129.22,24.5,0.227,7.7,Mainstream
10494,Male,25,65.6,62,7.2,189.35,23.3,0.726,4.2,Mainstream
10871,Male,48,28.3,24,8.4,58.28,14.7,0.182,5.8,Budget Conscious
11193,Male,42,92.9,32,7.0,208.23,9.5,0.429,3.6,Affluent Savers
10273,Female,31,60.7,51,13.4,161.44,21.2,0.595,6.2,Mainstream
11161,Female,33,75.9,34,4.8,123.98,23.6,0.765,3.1,Affluent Savers
10421,Female,49,44.8,37,7.5,34.88,18.0,0.346,3.9,Mainstream
10095,Female,36,57.7,69,11.9,166.28,34.8,0.513,5.7,Mainstream
11099,Male,32,29.1,16,4.8,96.8,13.0,0.558,3.6,Budget Conscious
11278,Male,57,102.3,25,6.3,186.17,19.7,0.42,9.0,Affluent Savers
10043,Female,43,63.3,61,9.1,186.53,28.9,0.77,6.5,Mainstream
10057,Male,55,70.5,46,4.7,192.42,20.3,0.358,6.1,Mainstream
11283,Female,52,92.7,19,4.2,140.76,12.5,0.091,6.0,Affluent Savers
10778,Male,36,91.1,78,13.0,195.43,17.2,0.752,2.3,Premium Loyalists
11482,Female,28,31.2,68,12.9,75.97,33.6,0.636,3.8,Young Aspirational
10039,Female,32,60.0,54,11.8,108.16,22.6,0.48,0.9,Mainstream
10307,Male,42,65.1,62,9.6,119.78,17.7,0.414,6.2,Mainstream
11140,Male,44,93.3,11,1.1,141.86,3.2,0.453,4.3,Affluent Savers
10709,Female,53,91.1,79,8.4,271.77,29.5,0.113,5.6,Premium Loyalists
10409,Female,35,59.3,54,9.7,138.6,19.4,0.646,3.9,Mainstream
10167,Female,30,68.7,49,12.9,179.37,13.4,0.5,3.5,Mainstream
10535,Female,44,92.8,84,13.3,259.15,20.6,0.518,4.7,Premium Loyalists
11014,Female,57,22.8,20,1.7,31.09,11.9,0.178,6.6,Budget Conscious
11502,Male,27,27.0,74,8.9,53.24,30.0,0.909,0.9,Young Aspirational
11525,Male,60,18.0,92,11.4,143.67,31.4,0.279,5.8,Noise
11146,Male,44,87.9,2,6.3,128.37,1.0,0.581,5.0,Affluent Savers
11515,Male,35,36.7,82,12.7,137.88,27.6,0.688,8.7,Young Aspirational
10825,Female,42,29.1,26,0.6,55.3,11.1,0.54,5.4,Budget Conscious
10716,Male,24,87.2,82,12.2,182.64,30.7,0.901,1.3,Premium Loyalists
10317,Male,34,72.1,41,3.8,185.53,31.1,0.409,5.4,Mainstream
11035,Male,22,24.5,21,7.2,51.69,17.1,0.362,5.4,Budget Conscious
11381,Male,32,26.8,84,13.9,119.71,27.8,0.557,2.7,Young Aspirational
10517,Female,30,58.6,56,13.3,147.71,19.2,0.713,0.7,Mainstream
10729,Male,34,94.4,90,17.4,244.01,29.1,0.593,4.7,Premium Loyalists
10534,Female,31,94.2,93,12.2,166.39,28.3,0.46,2.7,Premium Loyalists
11300,Female,55,85.0,27,2.1,151.84,12.8,0.361,6.1,Affluent Savers
10755,Female,34,88.5,80,11.1,214.01,29.5,0.743,2.2,Premium Loyalists
11330,Female,59,77.5,14,2.4,148.18,8.4,0.404,8.3,Affluent Savers
10549,Female,57,81.8,67,15.3,137.51,24.7,0.477,7.1,Premium Loyalists
10454,Male,26,67.0,44,9.7,99.83,18.6,0.671,1.6,Mainstream
10607,Male,28,92.5,79,11.8,201.12,32.2,0.396,4.7,Premium Loyalists
11412,Male,25,15.5,72,9.3,89.37,25.2,0.553,0.6,Young Aspirational
11420,Male,27,40.8,55,8.5,123.91,27.0,0.579,2.2,Young Aspirational
10599,Female,34,91.5,83,8.2,249.95,28.7,0.589,0.2,Premium Loyalists
11533,Female,44,95.2,65,10.1,199.26,21.5,0.428,4.6,Noise
10571,Male,47,82.0,70,10.1,161.37,23.1,0.266,2.5,Premium Loyalists
10735,Female,38,94.5,81,11.8,221.88,22.7,0.634,3.4,Premium Loyalists
10062,Male,45,48.5,56,10.4,103.62,20.5,,3.9,Mainstream
11238,Female,40,99.7,33,5.9,172.1,13.2,0.457,4.1,Affluent Savers
10537,Female,45,90.5,81,10.0,220.83,25.8,0.33,5.5,Premium Loyalists
11591,Female,66,26.2,79,11.2,133.69,31.5,0.264,5.8,Noise
11098,Male,51,27.9,29,6.9,54.5,12.9,0.269,5.1,Budget Conscious
10245,Female,39,59.9,60,11.5,156.49,25.4,0.488,4.7,Mainstream
10026,Female,37,52.3,52,4.6,117.05,20.3,0.68,4.1,Mainstream
10223,Male,47,69.0,44,4.6,103.82,32.8,0.465,3.4,Mainstream
11159,Male,44,89.9,20,4.5,148.39,4.4,0.426,3.0,Affluent Savers
10106,Female,46,59.5,36,7.0,152.84,11.6,0.501,6.2,Mainstream
10674,Male,41,87.0,85,11.9,237.84,32.6,0.324,4.6,Premium Loyalists
10643,Male,50,92.6,77,13.8,219.79,23.2,0.428,5.0,Premium Loyalists
11198,Male,50,82.7,23,2.8,130.29,9.2,0.454,4.5,Affluent Savers
10666,Female,37,89.8,85,12.7,232.41,30.6,0.531,3.7,Premium Loyalists
10510,Female,42,56.7,56,14.0,117.26,21.3,0.418,6.6,Mainstream
10132,Male,18,59.7,45,7.6,120.27,24.2,0.557,0.0,Mainstream
11090,Female,42,28.3,27,5.5,86.85,15.6,0.415,4.9,Budget Conscious
10445,Male,47,85.1,57,11.4,210.74,30.4,0.446,5.0,Mainstream
10738,Male,35,86.7,83,11.9,205.35,26.6,0.344,3.3,Premium Loyalists
10509,Female,44,59.3,48,12.1,122.29,13.0,0.367,6.4,Mainstream
11605,Female,59,45.9,28,7.1,103.69,9.8,0.267,8.3,Noise
10076,Male,39,65.2,45,4.9,210.26,23.7,0.449,1.2,Mainstream
10037,Male,53,61.4,59,5.0,164.42,19.7,0.399,7.6,Mainstream
11418,Male,25,34.7,66,9.8,130.88,22.1,0.811,1.4,Young Aspirational
10058,Female,43,60.6,46,5.2,150.66,12.9,0.31,5.6,Mainstream
10197,Male,38,58.5,56,13.2,148.18,17.0,0.526,5.1,Mainstream
11331,Male,51,75.4,16,2.3,139.16,22.7,0.554,5.7,Affluent Savers
11384,Female,23,59.0,68,14.3,160.84,23.8,0.576,1.1,Young Aspirational
11043,Female,38,25.9,20,7.7,76.83,14.7,0.435,3.3,Budget Conscious
11555,Female,49,44.1,28,10.8,98.42,18.8,0.322,4.8,Noise
10478,Male,52,54.8,63,10.1,117.12,30.3,0.487,3.4,Mainstream
10087,Male,57,68.3,46,8.2,142.56,20.0,0.23,6.4,Mainstream
11481,Male,21,41.8,83,12.6,97.91,25.0,0.705,1.9,Young Aspirational
10562,Male,40,95.3,93,12.9,209.92,25.4,0.522,4.2,Premium Loyalists
10335,Male,38,76.6,39,6.6,143.7,22.8,0.466,6.0,Mainstream
11110,Male,34,24.1,17,3.9,130.48,5.9,0.51,4.8,Budget Conscious
10936,Female,24,19.0,17,6.9,32.47,8.2,0.653,1.8,Budget Conscious
11168,Male,74,74.4,27,0.5,139.27,15.6,0.1,11.4,Affluent Savers
11245,Male,47,81.7,27,3.2,183.14,15.0,0.267,5.1,Affluent Savers
11250,Female,39,82.9,24,6.6,146.44,11.5,0.5,3.5,Affluent Savers
10539,Male,46,86.2,81,14.3,210.57,32.2,0.492,4.4,Premium Loyalists
11152,Female,68,75.9,24,5.3,174.16,10.5,0.183,6.1,Affluent Savers
11023,Male,49,18.7,19,0.8,45.05,22.0,0.487,7.1,Budget Conscious
10726,Female,53,89.7,82,13.8,239.35,22.2,0.503,3.8,Premium Loyalists
10419,Male,58,51.9,61,9.0,147.25,22.9,0.363,7.4,Mainstream
11057,Female,50,34.8,26,5.3,10.0,11.2,0.183,7.1,Budget Conscious
11501,Female,31,54.8,70,9.5,124.3,19.9,0.664,3.6,Young Aspirational
11478,Male,25,32.8,82,9.4,99.56,33.9,0.593,2.9,Young Aspirational
10574,Male,55,87.2,81,16.2,167.89,30.7,0.61,9.1,Premium Loyalists
10730,Male,47,80.9,77,16.0,196.72,28.9,0.479,5.7,Premium Loyalists
11364,Female,34,36.0,71,10.9,102.91,28.7,0.461,4.4,Young Aspirational
10333,Male,42,68.6,41,3.8,180.81,38.9,0.358,3.2,Mainstream
10948,Female,36,26.8,21,3.8,54.64,11.9,0.581,3.0,Budget Conscious
10575,Female,34,88.7,79,8.3,183.07,16.8,0.499,3.8,Premium Loyalists
11379,Female,28,31.8,89,12.7,143.26,28.0,0.501,2.4,Young Aspirational
11549,Female,30,49.0,33,5.2,101.2,9.6,0.617,2.4,Noise
11171,Female,53,78.8,17,2.9,112.59,13.9,0.508,4.3,Affluent Savers
11464,Male,30,39.0,74,12.7,121.63,17.2,0.358,4.7,Young Aspirational
11298,Female,44,86.0,15,5.0,141.51,15.8,0.56,2.8,Affluent Savers
11050,Male,33,27.4,14,3.1,29.65,5.5,0.504,4.4,Budget Conscious
11258,Female,52,80.8,16,4.2,123.51,11.0,0.249,6.8,Affluent Savers
10009,Male,27,61.1,42,5.6,136.4,22.6,0.669,0.0,Mainstream
11486,Female,20,27.7,81,11.5,104.95,35.2,0.755,1.6,Young Aspirational
11382,Male,30,50.2,86,10.9,151.89,19.7,0.687,5.4,Young Aspirational
11419,Male,23,29.3,84,11.9,138.79,26.1,0.749,3.2,Young Aspirational
10305,Male,27,66.3,65,6.5,155.37,28.4,0.63,4.5,Mainstream
11213,Male,24,84.3,19,0.5,155.78,16.0,0.99,3.1,Affluent Savers
11003,Female,48,26.6,22,5.6,86.57,11.7,0.351,2.8,Budget Conscious
10075,Female,39,49.8,44,3.8,150.83,10.9,0.597,3.1,Mainstream
10977,Male,29,25.6,21,7.4,34.97,8.6,0.687,4.6,Budget Conscious
10523,Female,51,93.1,84,15.3,235.21,35.3,0.327,5.2,Premium Loyalists
10336,Female,42,51.0,46,7.9,111.16,22.2,0.495,3.2,Mainstream
10570,Male,38,84.9,80,8.8,191.71,34.2,0.741,4.2,Premium Loyalists
10591,Female,45,93.4,85,12.7,229.63,22.0,0.309,6.8,Premium Loyalists
10089,Female,35,46.3,40,10.1,69.8,19.6,0.364,1.7,Mainstream
10884,Female,52,32.8,19,3.7,46.51,15.8,0.452,7.4,Budget Conscious
10218,Male,38,55.2,40,9.5,105.61,20.6,0.5,5.1,Mainstream
10713,Male,41,94.0,79,11.8,223.99,28.5,0.23,7.0,Premium Loyalists
11202,Female,61,80.2,14,6.4,134.69,11.3,0.27,7.1,Affluent Savers
10174,Male,30,58.6,58,5.3,161.79,13.2,0.599,2.7,Mainstream
11479,Female,25,27.1,71,6.2,118.6,17.9,0.315,3.3,Young Aspirational
10222,Female,39,47.8,55,4.8,96.54,22.4,0.533,5.0,Mainstream
10320,Male,35,51.0,49,9.2,113.17,23.1,0.286,4.7,Mainstream
11400,Female,21,40.4,72,11.0,139.22,29.5,0.581,2.3,Young Aspirational
11531,Female,19,21.6,22,4.2,60.69,13.2,0.563,3.1,Noise
11447,Female,34,48.3,81,10.5,128.07,29.5,0.571,1.5,Young Aspirational
10267,Female,27,58.4,56,8.4,153.62,18.0,0.667,3.7,Mainstream
10007,Male,32,50.9,56,7.6,164.89,27.8,0.331,4.6,Mainstream
10810,Male,48,83.6,84,13.5,242.65,21.3,0.406,6.7,Premium Loyalists
10896,Male,32,25.0,11,4.3,85.27,10.1,0.466,3.3,Budget Conscious
10739,Female,41,87.1,81,12.5,223.23,29.6,0.279,3.6,Premium Loyalists
10139,Male,42,69.7,49,13.2,165.3,20.6,0.331,4.9,Mainstream
10164,Female,37,69.1,60,11.0,168.44,25.9,0.575,3.1,Mainstream
11325,Female,61,84.7,31,6.8,165.26,21.6,,3.3,Affluent Savers
10595,Female,34,84.6,78,14.9,228.01,24.0,0.743,3.4,Premium Loyalists
11517,Male,28,52.5,82,7.8,154.89,35.9,0.566,4.8,Young Aspirational
11421,Male,28,21.0,88,9.7,114.05,21.7,0.693,1.7,Young Aspirational
11167,Female,46,79.3,36,8.3,145.56,13.8,0.656,8.4,Affluent Savers
11527,Male,23,71.1,44,5.5,157.24,17.3,0.676,3.7,Noise
11483,Female,25,29.9,78,10.4,46.93,25.7,0.599,1.7,Young Aspirational
10524,Female,46,91.9,87,13.3,259.14,36.3,0.56,5.0,Premium Loyalists
10973,Male,53,22.6,20,8.0,52.99,9.4,0.163,6.4,Budget Conscious
11310,Male,38,87.3,17,6.1,180.41,5.1,0.429,4.3,Affluent Savers
10926,Male,49,34.8,23,6.3,20.7,16.6,0.399,4.9,Budget Conscious
10579,Male,36,83.4,79,13.5,214.56,27.3,0.503,4.6,Premium Loyalists
10873,Female,64,26.9,30,3.6,69.11,16.1,0.031,8.7,Budget Conscious
10020,Female,43,59.8,59,4.4,183.8,31.3,0.395,3.6,Mainstream
10790,Male,56,90.7,93,13.0,180.18,30.3,0.369,5.0,Premium Loyalists
10634,Female,48,88.0,74,10.7,226.35,24.7,0.507,4.9,Premium Loyalists
10868,Male,47,26.7,25,2.6,41.35,12.9,0.629,2.8,Budget Conscious
10619,Male,50,75.9,81,10.5,190.1,36.1,0.42,5.1,Premium Loyalists
11287,Female,37,89.9,7,7.2,131.63,1.0,0.468,1.9,Affluent Savers
10656,Female,48,85.1,79,13.1,196.27,17.5,0.396,3.3,Premium Loyalists
10928,Female,38,27.7,20,5.8,65.18,20.5,0.751,2.0,Budget Conscious
11394,Male,28,19.6,84,10.9,98.84,28.7,0.516,1.5,Young Aspirational
10138,Male,40,45.0,42,10.0,136.76,19.5,0.562,7.2,Mainstream
10558,Male,41,84.2,84,12.7,174.47,29.9,0.472,7.2,Premium Loyalists
10698,Female,48,91.4,70,9.7,200.68,28.3,0.393,5.0,Premium Loyalists
11319,Male,41,81.1,16,3.9,136.82,14.0,0.443,5.8,Affluent Savers
11488,Male,27,29.8,77,14.1,82.17,25.7,0.603,2.5,Young Aspirational
10984,Male,23,26.8,22,3.6,80.89,10.6,0.721,3.3,Budget Conscious
10449,Male,42,67.7,50,7.9,166.91,12.5,0.637,4.7,Mainstream
10369,Male,38,48.0,49,8.8,164.3,15.1,0.61,3.2,Mainstream
11512,Female,23,28.4,71,13.4,116.74,27.0,0.576,5.8,Young Aspirational
10883,Female,53,32.3,22,0.5,62.63,3.6,0.236,4.4,Budget Conscious
10328,Male,53,52.1,48,3.8,120.08,23.9,0.402,5.6,Mainstream
10318,Female,32,61.8,50,7.0,152.36,19.2,0.485,3.5,Mainstream
11306,Female,41,93.1,22,7.2,143.15,19.1,0.467,6.3,Affluent Savers
11475,Male,26,34.2,80,15.7,139.91,20.6,0.509,3.6,Young Aspirational
10529,Female,35,85.3,85,10.9,202.99,30.8,0.442,0.7,Premium Loyalists
10527,Female,64,86.8,81,7.0,221.06,29.3,0.29,5.9,Premium Loyalists
10088,Female,37,65.7,60,14.7,104.73,24.8,0.694,3.9,Mainstream
10480,Female,18,55.6,52,6.7,105.26,24.8,0.482,1.1,Mainstream
10339,Female,41,39.3,36,4.3,75.99,11.5,0.598,5.9,Mainstream
10861,Female,33,30.1,24,5.9,105.68,12.2,0.728,5.3,Budget Conscious
10658,Female,35,85.6,80,12.7,222.79,29.2,0.647,3.4,Premium Loyalists
10149,Female,45,58.2,46,8.0,127.79,19.1,,4.7,Mainstream
11348,Female,29,37.0,73,15.2,115.66,24.7,0.717,4.0,Young Aspirational
11484,Male,26,43.8,96,17.9,161.69,24.2,0.567,0.4,Young Aspirational
10029,Female,54,51.1,61,11.8,113.68,17.6,0.285,5.2,Mainstream
10247,Male,23,57.3,55,8.3,94.2,17.6,0.644,2.7,Mainstream
10366,Female,46,54.6,47,7.8,134.08,13.2,0.396,5.7,Mainstream
10863,Male,54,25.0,23,7.0,84.46,15.1,0.253,7.3,Budget Conscious
10931,Male,58,30.0,29,1.9,62.47,10.2,0.287,7.2,Budget Conscious
11209,Female,44,79.6,26,6.5,147.24,14.1,0.398,6.0,Affluent Savers
10199,Female,45,51.5,46,6.7,116.41,18.3,0.416,6.1,Mainstream
11576,Male,64,67.1,94,14.7,212.98,27.8,0.357,5.1,Noise
10889,Female,36,32.0,28,6.1,73.43,20.3,,6.2,Budget Conscious
10745,Male,46,82.0,79,18.1,192.55,28.1,0.488,4.9,Premium Loyalists
10193,Female,25,73.6,56,9.8,148.0,19.2,0.663,3.6,Mainstream
10405,Male,36,58.9,53,3.7,142.15,17.7,0.696,3.8,Mainstream
10929,Female,34,33.9,30,7.9,52.08,18.5,0.681,3.1,Budget Conscious
10484,Male,36,64.1,47,6.0,156.23,27.7,0.476,4.8,Mainstream
10159,Female,54,61.6,45,6.1,125.84,24.4,0.281,3.8,Mainstream
10316,Male,43,32.0,54,8.8,74.99,16.6,0.569,5.8,Mainstream
10257,Male,21,57.8,49,7.4,121.6,21.1,0.715,2.8,Mainstream
10008,Female,44,59.9,42,9.1,137.69,17.8,0.398,8.3,Mainstream
11276,Male,27,85.9,28,4.7,99.38,23.6,0.508,2.5,Affluent Savers
10792,Male,49,88.7,87,13.4,209.02,34.6,0.194,4.0,Premium Loyalists
11114,Male,35,30.6,24,6.3,43.38,6.9,0.558,4.8,Budget Conscious
10385,Male,40,56.9,69,9.4,134.32,34.8,0.455,5.3,Mainstream
10937,Male,55,25.4,22,7.7,89.45,17.6,0.206,8.5,Budget Conscious
10178,Male,18,49.3,44,8.6,132.2,18.8,0.565,1.8,Mainstream
10857,Male,61,28.3,23,4.1,64.84,11.3,0.376,6.4,Budget Conscious
10315,Female,59,79.3,43,7.4,198.0,21.0,0.27,6.1,Mainstream
10358,Male,36,66.6,44,12.7,132.81,21.2,0.598,5.2,Mainstream
10299,Male,68,56.8,58,10.8,79.58,16.0,0.212,7.4,Mainstream
10456,Male,26,60.8,57,7.6,163.13,34.0,0.696,2.6,Mainstream
10544,Male,33,85.6,81,10.8,206.72,28.1,0.353,3.1,Premium Loyalists
10663,Male,19,98.1,82,9.7,221.15,28.5,0.547,2.8,Premium Loyalists
10597,Female,41,85.9,79,14.2,220.13,29.0,0.619,4.4,Premium Loyalists
10965,Male,50,29.4,19,0.6,59.88,18.2,0.264,3.0,Budget Conscious
11124,Female,50,84.5,22,0.5,159.58,12.4,0.312,6.5,Affluent Savers
10686,Female,45,86.2,76,8.8,228.09,36.5,0.495,4.6,Premium Loyalists
10528,Male,27,96.6,84,12.3,216.76,26.7,0.482,4.7,Premium Loyalists
11346,Female,24,36.3,65,10.3,103.77,27.0,0.692,0.4,Young Aspirational
10160,Female,26,58.2,36,6.9,143.24,7.3,0.656,2.4,Mainstream
10800,Female,40,85.2,83,12.1,171.34,33.5,0.516,4.1,Premium Loyalists
10003,Female,46,79.0,56,5.5,164.31,28.0,0.64,5.9,Mainstream
10361,Male,51,52.0,57,12.6,112.93,23.8,0.45,3.3,Mainstream
11417,Female,23,23.8,73,15.6,77.53,28.6,0.821,3.0,Young Aspirational
10203,Male,57,56.0,45,9.8,109.15,14.6,0.359,6.3,Mainstream
11227,Male,31,83.8,25,1.7,152.03,15.7,0.42,4.7,Affluent Savers
11404,Male,21,44.4,94,17.4,197.82,39.0,0.679,0.2,Young Aspirational
10886,Female,52,32.8,13,5.1,63.05,6.2,0.49,8.3,Budget Conscious
10113,Male,41,56.0,51,11.0,122.29,14.7,0.566,5.3,Mainstream
11445,Male,26,42.2,80,13.1,126.25,31.4,0.564,2.4,Young Aspirational
11016,Male,49,32.1,18,4.8,78.87,3.3,0.296,6.9,Budget Conscious
10308,Female,30,71.0,48,6.7,166.93,18.3,0.382,0.0,Mainstream
11029,Male,41,20.8,16,5.8,54.31,13.8,0.598,1.6,Budget Conscious
10423,Female,29,55.0,51,7.9,160.75,25.5,0.66,6.7,Mainstream
11065,Male,75,33.8,24,4.0,67.82,21.0,0.205,7.5,Budget Conscious
11188,Female,64,78.3,30,0.5,110.92,8.9,0.236,3.4,Affluent Savers
11272,Male,71,89.7,22,9.3,148.99,15.8,0.142,6.5,Affluent Savers
11064,Male,57,33.7,30,8.6,44.57,13.7,0.508,6.6,Budget Conscious
10460,Male,25,59.7,30,6.0,116.15,12.2,0.768,3.0,Mainstream
10590,Female,43,93.9,89,9.2,258.35,24.7,0.399,5.1,Premium Loyalists
11389,Male,25,28.4,94,9.7,52.19,30.0,0.892,4.9,Young Aspirational
10763,Female,43,95.6,85,15.1,206.36,23.5,0.426,5.3,Premium Loyalists
10816,Male,42,86.4,84,5.6,215.97,26.1,0.34,6.2,Premium Loyalists
11450,Male,24,35.5,82,13.4,112.28,38.9,0.542,3.0,Young Aspirational
11038,Male,20,20.2,21,2.5,52.09,13.8,0.634,1.4,Budget Conscious
10450,Male,40,63.7,38,2.9,110.27,13.3,0.486,6.0,Mainstream
11396,Female,30,16.1,80,14.5,93.81,26.6,0.548,4.8,Young Aspirational
10680,Female,39,86.9,73,9.6,207.55,23.8,0.441,6.3,Premium Loyalists
10693,Female,43,88.7,77,12.7,168.05,30.1,0.327,2.7,Premium Loyalists
11074,Male,47,28.8,31,8.0,94.52,19.3,0.499,6.4,Budget Conscious
10081,Female,43,68.8,52,11.7,154.7,27.1,0.337,6.6,Mainstream
11405,Female,27,17.8,64,9.2,132.66,24.8,0.463,2.1,Young Aspirational
11082,Male,41,27.4,20,5.6,41.39,11.1,0.479,2.9,Budget Conscious
11088,Male,46,22.5,21,8.9,76.77,3.6,0.319,7.8,Budget Conscious
11226,Female,71,85.9,30,2.4,161.34,19.5,0.355,7.6,Affluent Savers
11257,Male,59,88.8,19,5.1,110.67,5.6,0.114,6.6,Affluent Savers
10216,Female,31,62.3,60,12.6,133.44,21.6,0.526,3.6,Mainstream
11442,Male,26,-5.1,95,11.1,89.69,22.3,0.951,4.7,Young Aspirational
10031,Female,36,71.4,60,11.0,168.57,25.6,0.411,5.1,Mainstream
10243,Female,18,59.4,49,8.3,111.76,20.2,0.769,0.9,Mainstream
11190,Male,53,90.0,25,2.6,196.83,10.4,0.228,5.1,Affluent Savers
11078,Male,37,28.6,22,4.8,69.12,17.3,0.642,2.9,Budget Conscious
10642,Female,41,90.2,82,13.8,207.8,34.0,0.327,4.1,Premium Loyalists
10697,Male,63,93.4,72,9.5,216.28,25.2,0.251,4.9,Premium Loyalists
10210,Female,21,50.5,58,9.0,119.54,16.4,0.718,0.0,Mainstream
10952,Male,35,22.3,12,3.2,11.49,6.8,0.429,4.6,Budget Conscious
10771,Female,34,88.9,92,15.4,211.0,45.1,0.53,3.3,Premium Loyalists
10753,Female,28,96.7,83,12.9,223.1,34.5,0.581,4.3,Premium Loyalists
11561,Male,38,29.2,84,14.3,112.58,25.8,0.462,5.4,Noise
10436,Female,36,62.0,42,11.5,171.62,24.2,0.574,6.7,Mainstream
11408,Male,26,31.2,68,10.6,134.38,23.6,0.796,4.8,Young Aspirational
11504,Male,21,20.0,54,5.3,61.63,22.7,0.597,1.0,Young Aspirational
11173,Female,33,93.1,35,5.2,200.35,15.7,0.512,3.1,Affluent Savers
11465,Male,22,19.4,86,19.2,87.67,23.8,0.584,2.5,Young Aspirational
10689,Male,42,92.6,89,10.7,216.36,30.2,0.561,3.8,Premium Loyalists
10552,Male,34,82.2,82,12.3,246.46,31.9,0.649,3.6,Premium Loyalists
10545,Female,27,89.8,82,12.6,244.75,23.0,0.665,7.1,Premium Loyalists
11121,Male,44,75.7,12,5.4,125.13,14.6,0.663,6.2,Affluent Savers
10833,Male,26,26.2,22,4.8,33.3,5.4,0.577,4.4,Budget Conscious
11128,Male,49,83.2,20,7.6,168.01,10.9,0.613,5.6,Affluent Savers
10987,Male,34,22.5,19,7.1,74.12,8.4,0.612,8.5,Budget Conscious
10715,Male,32,86.1,90,14.8,231.09,32.3,0.585,2.3,Premium Loyalists
10404,Female,54,66.2,44,9.8,134.89,13.7,0.243,5.8,Mainstream
11586,Female,67,35.1,71,10.9,116.45,26.6,0.237,4.0,Noise
10363,Female,36,55.7,65,8.4,125.49,24.6,0.635,5.1,Mainstream
10272,Female,47,57.4,47,4.3,121.46,17.4,0.371,4.4,Mainstream
10467,Female,18,40.4,52,10.7,129.52,16.0,0.546,0.9,Mainstream
11435,Male,23,18.5,84,14.3,70.97,28.6,0.549,3.6,Young Aspirational
11180,Male,51,80.2,29,6.2,147.3,16.5,0.22,7.2,Affluent Savers
11049,Female,40,39.1,27,1.2,99.85,23.2,0.54,5.9,Budget Conscious
10278,Female,42,60.4,49,9.4,110.26,15.7,0.406,6.0,Mainstream
11433,Male,35,17.0,87,13.5,122.55,25.7,0.353,5.5,Young Aspirational
11523,Male,28,28.4,51,8.4,117.9,26.2,0.301,2.7,Noise
11489,Female,22,21.0,79,17.1,84.68,23.2,0.789,5.0,Young Aspirational
10442,Male,44,72.5,51,4.6,120.44,21.8,0.304,2.3,Mainstream
10723,Male,38,89.5,86,9.7,222.79,20.6,0.435,4.2,Premium Loyalists
10787,Female,58,85.4,84,13.4,193.16,30.7,0.309,5.4,Premium Loyalists
11397,Male,24,26.7,80,12.6,146.56,31.0,0.544,3.0,Young Aspirational
10443,Female,39,63.8,59,10.0,176.53,21.5,0.511,3.0,Mainstream
10300,Female,36,66.8,38,8.8,164.93,23.2,0.684,0.8,Mainstream
11052,Female,48,20.5,16,5.2,10.0,10.1,0.212,6.5,Budget Conscious
10376,Female,29,59.7,48,8.8,130.94,12.8,0.521,3.2,Mainstream
11588,Female,60,78.4,41,6.6,136.86,23.2,0.285,6.2,Noise
11199,Female,34,83.4,25,2.7,153.58,9.4,0.561,2.1,Affluent Savers
10017,Male,40,66.3,49,6.1,142.74,17.4,0.57,3.6,Mainstream
10907,Male,55,26.8,22,12.7,109.62,10.8,0.541,7.3,Budget Conscious
11529,Male,42,24.5,66,13.2,50.45,17.5,0.448,3.6,Noise
11183,Male,35,86.5,33,2.6,164.12,23.8,0.488,3.0,Affluent Savers
10473,Male,48,58.1,46,12.2,93.23,27.1,0.383,5.9,Mainstream
11567,Male,54,63.2,82,9.3,131.2,21.5,0.373,5.5,Noise
10564,Female,46,85.4,85,15.7,191.86,27.0,0.49,3.3,Premium Loyalists
10872,Male,60,37.7,26,6.7,82.17,14.6,0.244,4.8,Budget Conscious
11592,Female,39,69.3,91,10.5,222.6,32.4,0.652,1.6,Noise
10751,Male,25,90.0,80,9.0,205.2,32.8,0.849,3.4,Premium Loyalists
10389,Female,45,63.1,60,8.9,149.95,25.4,0.512,2.6,Mainstream
10023,Female,33,55.9,50,9.3,166.44,27.3,0.736,5.3,Mainstream
10899,Male,51,30.6,20,3.9,99.59,19.3,0.512,4.2,Budget Conscious
11178,Female,47,95.7,19,2.0,154.77,15.7,0.26,6.0,Affluent Savers
11265,Male,59,79.1,30,0.5,139.15,23.6,0.193,7.2,Affluent Savers
10125,Female,27,45.0,23,3.6,63.58,16.3,0.819,4.8,Mainstream
10424,Female,43,31.3,33,8.3,107.49,17.4,0.405,5.9,Mainstream
10978,Female,59,35.9,14,1.2,138.67,8.9,0.483,4.4,Budget Conscious
10774,Male,29,84.5,78,12.0,219.08,32.1,0.543,4.2,Premium Loyalists
10881,Male,49,27.7,14,2.8,10.37,14.5,0.475,3.3,Budget Conscious
11443,Female,28,38.7,76,9.0,120.93,25.1,0.712,2.4,Young Aspirational
10471,Female,39,51.4,54,6.8,95.08,21.0,0.336,3.6,Mainstream
10722,Female,33,89.6,82,13.7,233.61,19.7,0.528,6.1,Premium Loyalists
11105,Female,27,25.4,17,8.4,37.72,13.4,0.742,0.2,Budget Conscious
11607,Female,51,93.6,40,7.5,186.85,10.3,0.452,7.3,Noise
10143,Female,29,68.3,55,6.6,122.14,22.6,0.828,4.1,Mainstream
10051,Female,31,53.0,60,8.7,80.26,20.3,0.659,4.9,Mainstream
10864,Male,58,33.9,16,2.7,111.3,14.0,0.577,5.6,Budget Conscious
11498,Female,28,18.9,76,15.9,82.35,22.4,0.604,2.3,Young Aspirational
11122,Female,40,80.5,20,5.1,163.58,17.2,0.43,5.4,Affluent Savers
10624,Female,39,90.3,89,13.1,228.44,29.2,0.461,3.6,Premium Loyalists
11166,Female,24,97.5,18,3.7,173.46,13.0,0.626,2.4,Affluent Savers
10082,Male,38,48.3,31,6.6,85.6,14.6,0.357,2.3,Mainstream
10704,Female,39,92.8,82,13.9,214.13,25.4,0.557,3.2,Premium Loyalists
10483,Female,35,66.3,42,8.3,197.98,19.8,0.594,6.0,Mainstream
10322,Male,48,43.0,37,5.2,97.99,17.3,0.669,4.8,Mainstream
11551,Male,38,59.6,15,1.3,91.73,18.3,0.511,3.3,Noise
10506,Male,35,58.0,67,8.7,149.14,22.0,0.515,5.1,Mainstream
11526,Female,25,38.9,51,10.0,102.67,33.2,0.807,3.2,Noise
10842,Male,32,32.0,27,5.3,119.1,19.4,0.527,5.6,Budget Conscious
10067,Female,23,55.0,44,6.8,122.36,27.9,0.83,2.2,Mainstream
11375,Female,25,39.2,80,14.2,151.2,37.4,0.698,2.8,Young Aspirational
10734,Female,54,89.2,79,13.7,203.96,27.1,0.309,3.6,Premium Loyalists
11424,Female,23,24.0,78,14.6,116.9,34.4,0.719,3.1,Young Aspirational
10802,Female,46,90.8,85,12.7,190.01,27.0,0.264,6.1,Premium Loyalists
10975,Male,57,32.6,25,5.2,110.76,19.2,0.204,6.2,Budget Conscious
10908,Female,44,35.3,26,5.6,73.11,8.9,0.359,4.4,Budget Conscious
10032,Female,26,53.4,52,6.7,118.0,28.2,0.719,0.8,Mainstream
10796,Female,33,85.3,82,10.5,216.34,41.5,0.427,1.1,Premium Loyalists
10418,Female,39,68.4,50,6.7,141.14,19.8,0.477,3.0,Mainstream
10882,Female,47,28.1,21,3.1,43.24,12.1,0.402,5.4,Budget Conscious
10633,Female,46,82.3,83,12.7,198.48,39.2,0.444,6.7,Premium Loyalists
11248,Male,33,99.7,17,8.3,174.07,12.1,0.742,3.7,Affluent Savers
11153,Male,45,73.2,39,10.7,148.05,16.9,0.553,6.7,Affluent Savers
10065,Male,26,67.8,49,8.8,137.13,14.0,0.622,4.1,Mainstream
10140,Female,43,48.3,43,7.6,141.31,21.2,0.392,5.1,Mainstream
11294,Female,64,89.7,25,4.4,130.8,10.5,0.194,4.2,Affluent Savers
11288,Male,37,75.6,26,6.0,123.7,22.9,0.795,4.2,Affluent Savers
10078,Male,34,48.0,61,7.5,129.46,22.1,0.647,3.0,Mainstream
10492,Male,41,52.1,53,12.0,117.27,22.2,0.463,4.8,Mainstream
11133,Female,42,88.4,25,13.1,170.89,10.6,0.593,4.3,Affluent Savers
11264,Female,54,76.8,29,3.5,151.83,7.1,0.346,5.4,Affluent Savers
10533,Male,39,92.6,78,11.7,206.01,23.2,0.428,2.1,Premium Loyalists
10066,Female,46,68.7,45,6.0,118.28,20.2,0.298,3.2,Mainstream
11356,Female,27,22.2,84,11.8,98.3,25.1,0.443,3.4,Young Aspirational
11406,Female,21,44.2,86,12.8,146.44,28.1,0.557,2.5,Young Aspirational
11351,Male,27,28.1,78,5.0,80.1,20.7,0.548,6.0,Young Aspirational
10297,Female,43,55.3,28,7.5,75.8,17.4,0.664,3.3,Mainstream
10592,Male,32,93.4,76,8.7,189.74,28.2,0.554,4.4,Premium Loyalists
10420,Male,42,47.4,35,4.2,96.8,17.1,0.57,3.5,Mainstream
10768,Male,38,85.1,82,10.9,184.48,30.8,0.654,4.0,Premium Loyalists
10893,Male,46,27.2,31,3.8,61.02,13.6,0.361,4.0,Budget Conscious
10439,Female,34,59.4,49,5.0,146.07,16.2,0.367,1.1,Mainstream
10262,Male,18,50.0,40,9.1,149.15,20.0,0.658,0.1,Mainstream
11071,Female,39,22.9,15,8.8,54.14,21.4,0.347,5.0,Budget Conscious
10955,Male,44,27.8,35,7.8,52.77,13.6,0.138,3.1,Budget Conscious
10725,Female,61,87.5,86,13.6,223.87,37.0,0.293,5.7,Premium Loyalists
11572,Male,59,27.6,58,7.9,101.52,30.8,0.496,5.2,Noise
10282,Female,32,62.1,45,5.3,155.59,15.1,0.824,3.5,Mainstream
10627,Male,46,88.4,91,13.3,263.51,41.6,0.514,6.8,Premium Loyalists
11216,Female,31,84.3,14,7.3,112.43,11.5,0.665,2.4,Affluent Savers
11131,Female,50,86.4,26,3.0,196.98,16.4,0.358,3.5,Affluent Savers
11554,Male,49,52.8,3,3.9,59.85,7.1,0.33,4.8,Noise
10189,Female,44,71.2,40,3.0,160.13,22.3,0.408,2.8,Mainstream
11292,Male,49,86.2,15,7.2,147.62,10.2,0.185,6.2,Affluent Savers
10252,Female,33,71.7,46,6.1,165.34,16.5,0.49,6.0,Mainstream
10584,Male,35,89.4,85,11.8,174.3,29.9,0.678,5.9,Premium Loyalists
11328,Female,52,75.9,24,7.4,148.7,16.4,0.135,8.2,Affluent Savers
11454,Male,21,32.1,84,13.4,103.64,22.6,0.776,3.7,Young Aspirational
11297,Male,50,87.1,23,3.1,105.87,23.8,0.342,6.1,Affluent Savers
10515,Female,23,51.9,56,10.0,77.39,27.3,0.701,1.5,Mainstream
11040,Female,40,27.4,15,5.9,46.24,8.3,0.369,2.3,Budget Conscious
11115,Female,41,35.3,24,3.3,65.72,9.3,0.47,4.7,Budget Conscious
11519,Female,30,41.1,65,5.5,81.51,27.8,0.671,3.0,Young Aspirational
10983,Male,25,28.6,24,6.0,70.9,16.7,0.581,4.4,Budget Conscious
11414,Male,28,31.3,61,9.7,99.3,19.3,0.675,1.5,Young Aspirational
10707,Female,40,87.9,89,15.2,200.82,28.4,0.348,3.6,Premium Loyalists
10488,Male,36,70.9,51,12.1,113.32,11.6,0.725,1.2,Mainstream
10274,Male,42,62.5,43,8.1,114.57,20.6,0.32,7.5,Mainstream
11204,Female,59,77.8,19,4.1,165.19,10.9,0.217,8.2,Affluent Savers
11338,Male,57,92.9,15,8.2,195.64,10.8,0.439,4.8,Affluent Savers
10964,Male,58,28.4,29,4.9,37.72,15.6,0.33,6.1,Budget Conscious
10878,Female,43,28.3,21,6.2,60.7,12.5,0.596,5.5,Budget Conscious
11127,Male,39,90.9,13,0.5,172.31,8.5,0.478,4.2,Affluent Savers
11449,Male,28,30.1,81,9.3,131.02,36.5,0.682,3.5,Young Aspirational
10412,Male,44,78.3,46,8.6,196.35,24.7,0.305,3.6,Mainstream
10668,Female,41,88.0,78,13.8,211.86,26.8,0.417,3.1,Premium Loyalists
10150,Male,36,68.1,64,9.0,174.67,15.7,0.746,4.9,Mainstream
10645,Male,45,85.4,84,12.1,228.1,29.6,0.537,6.2,Premium Loyalists
11286,Male,39,81.9,26,3.9,189.0,14.5,0.341,3.2,Affluent Savers
10219,Male,57,67.9,47,4.2,147.06,18.7,0.347,6.5,Mainstream
10240,Male,36,42.7,65,9.5,110.04,24.0,0.425,3.1,Mainstream
10793,Male,33,90.3,82,13.4,188.05,29.2,0.654,3.0,Premium Loyalists
10192,Female,26,76.3,54,6.7,192.52,11.4,0.563,3.0,Mainstream
10334,Female,20,66.2,64,14.0,179.09,29.9,0.751,0.3,Mainstream
10963,Female,41,34.7,25,3.6,73.41,9.0,0.499,4.4,Budget Conscious
11299,Female,54,84.1,29,9.3,198.28,20.9,0.123,7.5,Affluent Savers
11557,Female,63,26.4,32,6.3,46.69,16.5,0.269,5.2,Noise
11324,Male,69,83.3,30,9.9,139.97,14.5,0.163,6.7,Affluent Savers
11295,Female,40,85.4,21,4.1,157.72,9.8,0.399,7.9,Affluent Savers
10583,Male,42,88.7,86,15.7,206.37,28.1,0.485,5.0,Premium Loyalists
11524,Female,56,41.1,51,7.7,70.68,25.2,0.354,7.9,Noise
11150,Male,36,91.1,29,3.7,166.72,15.3,0.611,3.4,Affluent Savers
10840,Male,58,30.1,16,0.5,47.63,8.2,0.356,6.6,Budget Conscious
10628,Female,39,83.1,79,14.7,218.38,34.1,0.58,3.9,Premium Loyalists
10324,Female,47,64.0,36,6.0,148.25,12.3,0.326,7.2,Mainstream
11317,Female,57,90.5,26,1.5,176.27,8.4,0.346,8.8,Affluent Savers
10779,Male,46,88.0,82,13.1,186.22,36.5,0.387,3.6,Premium Loyalists
10940,Female,50,24.9,26,3.1,49.65,17.3,0.412,4.2,Budget Conscious
10438,Male,22,82.4,51,10.4,165.75,17.2,0.705,1.6,Mainstream
10120,Male,22,68.4,54,9.4,151.93,18.4,0.653,2.0,Mainstream
11091,Female,45,33.6,27,3.3,71.43,17.2,0.444,2.8,Budget Conscious
11546,Female,48,87.6,59,8.7,180.68,19.4,0.506,3.6,Noise
11027,Male,18,16.3,20,5.7,10.0,21.7,0.846,3.1,Budget Conscious
11107,Female,48,24.5,14,0.8,89.55,14.8,0.463,3.5,Budget Conscious
10077,Female,50,72.3,59,7.2,181.47,22.8,0.295,6.8,Mainstream
11054,Female,52,30.6,26,5.7,93.66,20.6,0.239,4.8,Budget Conscious
10901,Male,43,22.2,20,3.3,39.92,9.3,0.635,5.8,Budget Conscious
10372,Female,63,75.9,46,8.0,119.11,13.7,0.396,5.2,Mainstream
11530,Male,51,26.3,57,10.1,84.43,29.7,0.141,5.7,Noise
11579,Female,64,83.4,24,4.4,106.3,13.8,0.496,7.5,Noise
10942,Female,27,34.2,24,5.8,107.78,14.4,0.388,2.5,Budget Conscious
10578,Male,40,93.0,79,12.6,192.71,26.0,0.509,4.0,Premium Loyalists
10820,Male,26,87.4,78,12.8,169.1,34.4,0.506,3.9,Premium Loyalists
11174,Female,44,70.0,21,0.5,135.33,9.0,0.459,5.2,Affluent Savers
11594,Female,26,34.2,31,10.2,116.67,14.2,0.724,2.5,Noise
11383,Male,19,38.7,81,12.5,136.19,26.2,0.767,4.3,Young Aspirational
10887,Female,44,31.3,23,4.9,72.87,17.6,0.493,1.8,Budget Conscious
10969,Female,57,30.3,25,9.5,68.71,4.0,0.655,7.4,Budget Conscious
10786,Male,50,85.7,83,13.9,207.82,30.3,0.366,7.1,Premium Loyalists
11316,Female,40,84.5,19,6.6,98.89,13.9,0.452,2.4,Affluent Savers
11289,Male,41,88.9,19,4.8,128.11,11.2,0.693,1.9,Affluent Savers
10302,Female,43,53.0,38,4.9,160.65,17.5,0.287,6.5,Mainstream
10690,Female,49,92.4,81,10.8,217.46,35.9,0.567,4.4,Premium Loyalists
10813,Female,45,92.4,83,17.2,206.97,39.4,0.623,7.0,Premium Loyalists
11062,Female,70,25.9,23,8.1,54.46,8.9,0.149,8.6,Budget Conscious
10237,Female,31,58.9,53,6.8,134.15,18.7,0.66,3.2,Mainstream
11089,Male,37,32.3,10,2.7,56.45,15.1,0.58,2.6,Budget Conscious
10500,Female,55,52.3,54,10.6,93.07,23.7,0.392,5.8,Mainstream
11329,Male,39,92.9,20,3.4,157.87,24.9,0.322,5.8,Affluent Savers
11080,Male,54,34.0,14,5.1,19.38,12.6,0.199,6.3,Budget Conscious
10795,Male,39,90.4,85,11.0,211.41,29.9,0.495,6.9,Premium Loyalists
11224,Male,45,76.7,21,10.0,64.56,15.5,0.522,4.2,Affluent Savers
10991,Male,40,30.0,18,3.9,43.88,17.4,0.417,7.1,Budget Conscious
11451,Male,35,23.3,72,13.8,107.72,26.8,0.437,5.6,Young Aspirational
10935,Female,54,23.6,33,7.0,54.28,18.5,0.197,7.2,Budget Conscious
10388,Female,48,56.7,51,4.3,137.84,15.5,0.412,4.2,Mainstream
10391,Female,35,58.8,50,5.7,132.64,14.4,0.565,2.8,Mainstream
10744,Female,37,91.2,79,16.0,205.97,26.3,0.524,5.5,Premium Loyalists
10353,Female,32,56.6,37,12.2,159.12,20.6,0.739,3.3,Mainstream
10236,Female,38,58.0,45,10.4,61.36,20.2,0.848,3.3,Mainstream
11422,Female,26,59.2,85,10.0,124.87,23.4,0.601,6.0,Young Aspirational
10481,Female,24,46.2,40,6.9,106.68,23.4,0.66,3.7,Mainstream
10568,Male,45,92.9,79,15.7,229.12,26.3,0.594,5.4,Premium Loyalists
11582,Male,29,49.9,56,6.4,119.65,19.1,0.441,4.0,Noise
11490,Male,33,60.5,93,9.3,154.65,30.7,0.559,1.6,Young Aspirational
11252,Female,55,95.5,23,2.0,161.45,12.5,0.446,6.1,Affluent Savers
10121,Female,25,64.5,55,4.8,189.8,26.4,0.441,0.0,Mainstream
11380,Female,33,24.9,80,14.1,72.11,23.5,0.549,5.8,Young Aspirational
11025,Female,39,29.4,21,3.9,36.34,15.0,0.662,3.6,Budget Conscious
11087,Male,52,36.1,16,4.4,74.92,5.0,0.436,9.3,Budget Conscious
10927,Male,34,27.4,18,5.9,60.0,11.2,0.369,4.0,Budget Conscious
10516,Female,31,48.7,43,8.1,98.37,15.7,0.552,3.4,Mainstream
10224,Female,33,52.7,41,7.1,137.36,22.7,0.383,2.5,Mainstream
11181,Female,35,92.8,25,9.1,138.95,11.3,0.706,2.6,Affluent Savers
10614,Male,22,89.3,85,8.8,214.06,31.5,0.668,0.3,Premium Loyalists
10844,Female,39,33.2,30,6.7,91.0,15.4,0.453,4.9,Budget Conscious
10053,Female,47,65.6,55,9.1,142.87,26.5,0.384,7.8,Mainstream
11474,Female,22,30.5,67,9.0,89.42,23.4,0.715,1.1,Young Aspirational
10486,Male,50,60.6,51,10.9,155.06,21.5,0.4,6.7,Mainstream
11528,Male,67,27.1,28,3.0,55.86,7.0,0.076,5.3,Noise
10819,Female,26,88.8,79,6.0,216.78,39.1,0.467,3.4,Premium Loyalists
10156,Female,60,47.4,45,10.0,115.51,16.3,0.372,7.2,Mainstream
10601,Male,51,87.7,75,13.7,204.9,27.2,0.471,5.5,Premium Loyalists
11284,Female,42,94.3,19,3.5,151.76,14.7,0.571,5.3,Affluent Savers
10249,Male,60,72.5,61,10.5,148.31,22.9,0.401,9.6,Mainstream
10762,Male,49,82.9,73,9.0,168.3,26.0,0.466,7.0,Premium Loyalists
11461,Male,19,36.2,89,17.2,94.29,35.9,0.937,1.9,Young Aspirational
10543,Female,26,85.7,87,12.5,233.56,31.8,0.84,2.9,Premium Loyalists
10794,Female,42,85.5,74,13.6,212.39,20.2,0.281,5.6,Premium Loyalists
11165,Male,48,88.6,20,8.2,186.46,15.2,0.306,4.5,Affluent Savers
10629,Male,26,92.4,88,11.2,172.77,35.3,0.325,5.0,Premium Loyalists
10151,Male,55,55.2,29,2.9,67.71,10.0,0.223,6.1,Mainstream
10292,Male,26,66.3,46,7.1,94.85,15.7,0.545,2.6,Mainstream
10382,Male,36,49.2,49,6.6,137.14,23.8,0.666,2.9,Mainstream
10687,Male,23,97.7,81,10.2,225.56,27.7,0.629,3.8,Premium Loyalists
10898,Male,58,18.5,13,0.5,73.12,2.0,0.516,6.1,Budget Conscious
10855,Male,67,28.3,29,6.6,57.45,9.4,0.317,7.1,Budget Conscious
11072,Female,53,25.1,25,7.4,47.55,15.6,0.393,4.5,Budget Conscious
11597,Female,43,21.1,34,5.4,48.51,19.0,0.474,4.3,Noise
11609,Male,37,50.3,15,7.5,51.5,8.4,0.395,4.7,Noise
11355,Male,20,31.9,77,7.0,107.9,23.7,0.99,1.3,Young Aspirational
10892,Female,37,27.5,21,5.0,37.46,14.2,0.495,3.5,Budget Conscious
11600,Female,43,67.5,2,5.7,133.2,12.1,0.374,5.8,Noise
10616,Female,32,92.5,83,9.7,160.74,37.1,0.588,3.4,Premium Loyalists
10155,Female,59,43.9,56,5.5,103.96,23.8,0.512,4.6,Mainstream
11369,Male,26,47.2,54,5.1,88.39,21.8,0.426,2.6,Young Aspirational
11595,Female,32,81.2,69,10.8,148.16,30.3,0.779,1.5,Noise
10323,Female,19,61.1,51,9.6,129.76,20.8,0.722,3.7,Mainstream
11237,Male,44,78.8,34,11.3,131.83,17.9,0.514,3.5,Affluent Savers
10083,Female,30,57.6,39,5.8,133.25,19.1,0.693,6.8,Mainstream
10513,Female,32,74.5,62,11.2,166.76,23.1,0.803,4.9,Mainstream
11225,Female,31,87.4,30,5.5,125.32,10.0,0.597,1.5,Affluent Savers
10930,Male,31,23.2,11,0.5,49.7,12.3,0.552,5.3,Budget Conscious
11308,Male,51,83.5,21,3.9,188.35,7.3,0.33,4.7,Affluent Savers
10011,Female,24,63.3,47,7.3,166.35,11.7,0.539,4.0,Mainstream
10832,Female,47,27.5,23,0.9,97.49,7.5,0.363,4.5,Budget Conscious
10033,Female,35,48.5,50,8.3,140.02,12.3,0.711,6.0,Mainstream
10414,Female,34,58.5,49,10.3,177.2,19.1,0.691,4.3,Mainstream
10581,Female,42,96.2,85,15.6,182.33,30.2,0.059,2.7,Premium Loyalists
11239,Female,49,85.5,18,5.9,178.21,13.3,0.54,5.1,Affluent Savers
11521,Female,25,89.4,7,0.5,150.01,9.9,0.632,3.2,Noise
10615,Female,49,87.5,86,13.6,237.69,27.6,0.584,6.3,Premium Loyalists
11046,Male,57,32.8,15,1.3,48.86,9.6,0.295,7.4,Budget Conscious
11015,Female,41,33.3,24,5.6,62.03,20.8,0.455,2.6,Budget Conscious
10090,Female,18,57.1,52,10.5,104.72,16.6,0.87,6.2,Mainstream
11361,Female,26,36.1,88,13.1,143.11,26.5,0.527,2.2,Young Aspirational
10602,Male,35,85.5,89,12.5,201.78,31.0,0.585,1.8,Premium Loyalists
10134,Male,27,54.9,51,11.2,128.42,21.5,0.547,2.8,Mainstream
10556,Female,26,94.6,84,12.4,207.75,30.7,0.648,2.1,Premium Loyalists
11032,Male,41,33.8,24,6.4,56.97,12.1,0.289,6.0,Budget Conscious
11253,Female,51,95.8,32,3.6,160.31,16.8,0.395,4.5,Affluent Savers
10321,Female,34,64.1,64,11.2,170.51,22.0,0.777,3.4,Mainstream
11413,Female,19,34.1,79,11.5,111.71,26.4,0.601,2.8,Young Aspirational
11388,Female,19,31.8,67,10.2,88.75,21.6,0.569,1.0,Young Aspirational
10635,Female,42,84.3,83,10.3,184.43,26.6,0.49,3.4,Premium Loyalists
10553,Male,33,84.4,84,17.0,162.8,29.1,0.301,2.3,Premium Loyalists
11056,Male,52,28.0,16,4.4,60.57,18.1,,4.3,Budget Conscious
11246,Female,56,79.1,23,5.2,170.6,19.1,0.404,6.4,Affluent Savers
10797,Male,33,84.1,79,15.5,193.33,36.0,0.74,1.8,Premium Loyalists
11334,Male,64,87.9,21,3.1,161.18,11.8,0.347,8.1,Affluent Savers
11368,Male,27,33.4,62,12.3,132.44,32.1,0.468,5.4,Young Aspirational
10175,Male,18,60.1,69,10.5,144.14,27.0,0.702,0.0,Mainstream
10767,Male,43,76.4,85,10.0,166.03,34.6,0.425,6.6,Premium Loyalists
10246,Female,41,48.4,45,5.2,83.71,18.7,0.448,3.6,Mainstream
11081,Female,26,32.7,18,8.5,46.85,11.6,0.259,2.7,Budget Conscious
11387,Female,27,39.3,77,11.1,142.33,26.2,0.721,6.9,Young Aspirational
10146,Male,23,58.8,53,9.2,173.4,20.6,0.722,0.0,Mainstream
10091,Female,28,47.8,42,4.9,88.3,16.9,0.777,2.4,Mainstream
10683,Male,50,94.7,90,11.3,237.7,38.3,0.406,5.3,Premium Loyalists
10311,Female,35,60.8,53,12.1,165.07,21.8,0.582,7.6,Mainstream
10094,Male,53,63.9,42,5.3,162.18,17.0,0.27,8.6,Mainstream
11448,Male,21,24.7,92,13.7,113.29,26.9,0.642,1.5,Young Aspirational
10925,Female,37,24.4,23,7.7,55.05,6.5,0.571,3.1,Budget Conscious
11354,Male,21,27.0,72,14.4,107.84,26.6,0.649,2.5,Young Aspirational
11036,Female,31,26.1,17,5.7,81.17,18.1,0.645,3.5,Budget Conscious
10244,Male,47,60.8,58,6.6,139.24,22.8,0.481,5.2,Mainstream
11112,Male,50,22.3,18,5.7,17.59,7.1,0.409,4.1,Budget Conscious
10215,Male,30,65.1,62,11.8,147.58,31.9,0.58,0.5,Mainstream
10999,Female,56,25.5,12,2.5,14.27,10.7,0.553,8.3,Budget Conscious
10854,Male,36,25.3,22,3.4,34.78,20.0,0.523,4.7,Budget Conscious
10426,Female,38,63.3,50,10.2,140.59,14.0,0.354,4.8,Mainstream
11407,Female,28,20.6,75,13.2,106.55,34.4,0.465,4.8,Young Aspirational
11143,Female,46,88.0,9,6.3,162.09,10.8,0.557,5.3,Affluent Savers
11144,Male,45,90.2,35,5.3,106.9,22.8,0.251,6.1,Affluent Savers
10227,Female,29,32.5,49,3.6,63.75,16.3,0.628,2.5,Mainstream
11305,Male,39,85.7,26,7.7,154.39,18.7,0.53,4.0,Affluent Savers
10001,Female,27,62.0,42,6.9,104.35,16.9,0.459,4.5,Mainstream
10402,Male,42,53.4,50,10.4,115.39,21.4,0.598,3.5,Mainstream
11104,Male,54,24.0,29,5.0,53.76,16.2,0.419,5.5,Budget Conscious
10085,Male,36,59.3,51,8.5,118.38,20.6,0.651,4.1,Mainstream
10163,Female,43,41.3,42,5.5,100.49,26.4,0.48,2.3,Mainstream
10115,Male,46,65.5,54,6.5,164.37,16.9,0.422,0.5,Mainstream
10671,Male,48,88.4,77,9.8,201.68,25.8,0.493,5.4,Premium Loyalists
11175,Male,48,83.0,35,8.7,123.6,15.8,0.342,8.3,Affluent Savers
11222,Male,54,91.7,16,1.9,155.8,16.1,0.17,7.0,Affluent Savers
10890,Male,49,25.0,9,5.7,16.92,10.0,0.405,4.2,Budget Conscious
10626,Female,47,89.5,84,14.3,223.32,34.7,0.449,4.5,Premium Loyalists
11565,Female,41,67.0,6,0.5,95.57,8.8,0.569,5.5,Noise
10953,Male,46,23.7,20,4.8,47.17,8.2,0.308,6.0,Budget Conscious
10808,Male,37,91.9,84,11.3,223.73,24.3,0.682,3.8,Premium Loyalists
10259,Female,25,57.5,41,7.3,82.04,18.6,0.542,0.6,Mainstream
10625,Female,45,84.2,93,10.3,252.8,22.9,0.487,4.3,Premium Loyalists
10827,Female,48,30.3,23,9.2,64.0,7.4,0.282,5.8,Budget Conscious
10235,Male,31,56.1,37,7.0,180.3,19.1,0.644,3.8,Mainstream
10136,Female,20,61.1,57,8.9,154.67,19.2,0.657,2.7,Mainstream
10617,Male,44,91.9,83,14.9,263.84,38.8,0.315,2.7,Premium Loyalists
11566,Female,32,91.6,47,9.7,250.42,23.8,0.681,6.8,Noise
10837,Male,45,26.4,28,7.0,54.14,12.6,0.517,3.8,Budget Conscious
10843,Female,48,34.4,27,5.8,88.27,10.8,0.327,4.7,Budget Conscious
10960,Male,40,40.1,33,6.4,107.77,13.9,0.303,5.9,Budget Conscious
10593,Male,31,82.2,86,14.0,202.76,25.8,0.761,4.5,Premium Loyalists
10344,Female,36,43.8,53,8.5,125.77,21.9,0.303,4.7,Mainstream
11402,Female,18,24.8,77,13.9,130.46,22.6,0.839,3.7,Young Aspirational
10294,Female,41,70.9,53,8.2,193.9,28.6,0.348,5.4,Mainstream
10365,Male,32,72.3,51,8.2,147.34,20.3,0.723,3.2,Mainstream
10179,Male,25,54.8,50,10.9,94.08,26.7,0.7,7.4,Mainstream
10660,Female,39,84.8,74,9.1,177.8,24.5,0.654,3.5,Premium Loyalists
10997,Male,58,23.6,21,6.8,59.43,15.0,0.46,6.7,Budget Conscious
10015,Female,23,52.7,50,3.3,128.21,24.9,0.777,2.7,Mainstream
11111,Male,46,30.5,29,7.9,80.34,13.7,0.329,6.7,Budget Conscious
10166,Male,31,43.9,43,3.1,124.71,26.5,0.654,0.9,Mainstream
11503,Female,18,37.2,76,14.0,163.9,27.3,0.768,1.3,Young Aspirational
10060,Male,52,48.5,38,9.1,105.98,4.8,0.358,6.3,Mainstream
10710,Female,47,92.6,82,13.4,194.79,31.9,0.599,1.8,Premium Loyalists
10677,Female,39,93.3,81,10.8,240.11,25.6,0.524,6.0,Premium Loyalists
10781,Male,26,85.5,81,10.4,221.11,34.6,0.488,3.1,Premium Loyalists
10425,Male,49,57.1,61,7.8,187.02,22.9,0.429,5.6,Mainstream
10293,Female,48,41.4,57,10.6,110.57,25.9,0.527,3.1,Mainstream
11066,Male,51,26.3,14,3.6,21.55,11.5,0.297,7.2,Budget Conscious
11432,Male,22,41.8,98,18.8,139.68,37.2,0.587,3.0,Young Aspirational
10330,Male,49,51.6,40,10.9,103.11,9.3,0.346,5.2,Mainstream
10430,Female,19,67.3,67,18.5,136.22,22.0,0.62,4.7,Mainstream
11013,Female,28,20.8,21,3.2,79.15,13.6,0.53,3.6,Budget Conscious
10080,Female,27,68.4,46,9.3,132.56,14.7,0.694,2.8,Mainstream
11053,Male,39,28.4,16,9.1,44.07,12.8,0.321,7.1,Budget Conscious
10938,Male,47,35.1,28,3.3,77.33,26.1,0.295,7.2,Budget Conscious
10835,Male,60,31.3,30,2.1,103.43,15.8,0.473,7.1,Budget Conscious
10750,Female,41,84.6,81,15.5,211.37,21.0,0.69,5.2,Premium Loyalists
10891,Female,53,30.8,16,5.1,57.73,1.0,0.312,5.7,Budget Conscious
10255,Female,41,59.1,57,8.9,101.82,28.7,0.68,4.9,Mainstream
11385,Male,21,18.5,90,11.2,78.24,25.1,0.651,3.2,Young Aspirational
11564,Male,33,35.9,22,3.7,78.27,5.6,0.569,4.1,Noise
11109,Female,51,27.1,23,2.5,73.02,16.6,0.457,4.9,Budget Conscious
10137,Female,30,46.4,63,5.3,113.29,19.4,0.592,2.3,Mainstream
11136,Female,40,83.5,9,0.5,120.81,6.5,0.528,6.6,Affluent Savers
11219,Female,41,89.0,24,3.4,192.14,13.1,0.342,2.8,Affluent Savers
10853,Female,56,35.6,31,7.2,110.63,26.2,0.268,3.5,Budget Conscious
11203,Female,50,98.1,26,4.8,169.92,9.9,0.418,7.5,Affluent Savers
10724,Female,45,87.3,81,12.4,193.36,32.8,0.622,5.6,Premium Loyalists
10860,Female,52,31.4,24,0.9,59.55,5.4,0.486,6.1,Budget Conscious
10970,Male,38,32.7,24,6.4,86.14,13.4,0.574,2.4,Budget Conscious
10497,Male,46,38.0,45,7.2,123.38,14.8,0.461,4.5,Mainstream
10951,Male,28,32.6,20,8.7,21.45,12.2,0.352,2.9,Budget Conscious
10806,Male,62,81.6,88,14.6,172.67,35.9,0.213,7.3,Premium Loyalists
10130,Male,34,67.0,43,10.8,157.15,24.6,0.556,2.1,Mainstream
10338,Female,40,50.2,46,9.4,108.62,24.6,0.48,5.9,Mainstream
11596,Female,64,39.3,74,8.8,140.96,27.2,0.283,7.2,Noise
10609,Male,41,93.5,87,11.3,188.6,28.6,0.455,5.1,Premium Loyalists
11149,Male,49,89.8,28,8.6,161.35,14.5,0.3,3.6,Affluent Savers
10196,Male,29,73.4,66,6.7,205.85,20.5,0.637,0.7,Mainstream
11251,Male,36,81.3,22,6.5,131.91,6.1,0.411,3.7,Affluent Savers
11581,Male,53,66.4,55,5.6,130.07,21.6,0.393,5.6,Noise
10910,Female,48,26.8,27,1.1,106.89,14.8,0.154,6.7,Budget Conscious
10585,Female,32,86.3,85,14.4,190.69,34.6,0.735,3.7,Premium Loyalists
10104,Male,32,70.9,49,7.2,145.07,17.1,0.648,3.2,Mainstream
11480,Female,18,15.2,90,10.1,110.65,40.2,0.796,0.7,Young Aspirational
11494,Female,19,25.2,90,14.7,111.82,27.6,0.743,1.5,Young Aspirational
10720,Male,54,90.6,82,10.0,250.37,27.7,0.371,6.0,Premium Loyalists
10885,Female,48,30.4,22,7.7,107.26,14.2,0.494,4.7,Budget Conscious
10777,Female,35,96.0,89,14.1,226.33,33.5,0.613,5.4,Premium Loyalists
10850,Male,57,22.1,29,6.4,112.44,9.3,0.314,5.8,Budget Conscious
10895,Male,39,24.4,30,0.5,34.48,11.7,0.343,2.4,Budget Conscious
10228,Female,45,56.6,50,3.0,141.49,22.8,0.451,6.3,Mainstream
11505,Male,29,30.7,85,12.0,76.31,25.6,0.536,4.8,Young Aspirational
10127,Male,65,52.0,32,4.2,105.97,18.4,0.334,8.0,Mainstream
10406,Male,41,62.8,48,11.4,161.83,18.0,0.664,2.8,Mainstream
10776,Male,52,92.9,80,14.3,225.76,30.4,0.432,4.1,Premium Loyalists
10822,Female,47,21.9,24,5.9,76.66,9.5,0.374,5.1,Budget Conscious
10712,Female,46,98.1,81,11.5,304.12,28.3,0.437,6.6,Premium Loyalists
11510,Male,22,48.4,89,12.9,135.3,32.6,0.804,0.6,Young Aspirational
11061,Female,52,37.1,28,3.9,106.11,14.2,0.513,4.7,Budget Conscious
11164,Female,66,92.8,25,3.3,144.85,3.7,0.276,7.6,Affluent Savers
10304,Female,32,50.2,47,8.4,141.15,26.2,0.713,3.3,Mainstream
10268,Male,52,64.9,64,11.8,143.0,29.5,0.217,6.4,Mainstream
10546,Male,41,87.6,80,16.8,175.14,24.8,0.37,4.0,Premium Loyalists
10213,Female,29,66.2,54,4.0,166.57,16.9,0.63,3.6,Mainstream
10897,Male,60,23.6,19,10.9,74.08,10.4,,7.5,Budget Conscious
11223,Female,32,86.7,38,8.6,122.06,15.0,0.496,0.7,Affluent Savers
10917,Female,75,27.8,31,6.0,70.6,11.0,0.254,9.6,Budget Conscious
10676,Male,44,86.2,77,11.1,214.06,24.5,0.602,6.1,Premium Loyalists
11290,Male,37,85.8,12,2.8,179.24,6.8,0.618,3.6,Affluent Savers
10815,Male,38,89.0,84,16.3,185.82,18.1,0.578,3.4,Premium Loyalists
11266,Female,46,79.8,32,6.9,124.5,10.3,0.481,7.8,Affluent Savers
10343,Male,35,63.8,50,3.0,107.22,20.3,0.786,5.9,Mainstream
10550,Male,45,88.8,79,10.5,219.1,28.8,0.518,6.3,Premium Loyalists
11215,Female,53,92.6,22,8.8,187.05,19.5,0.299,6.1,Affluent Savers
10967,Male,51,22.4,13,2.3,55.5,8.1,0.255,5.2,Budget Conscious
11231,Male,61,92.3,36,5.2,166.15,10.7,0.288,9.1,Affluent Savers
10296,Female,58,64.9,60,9.5,137.02,21.4,0.584,4.5,Mainstream
10696,Female,42,89.6,86,8.9,171.13,31.6,0.517,7.0,Premium Loyalists
10074,Male,35,63.0,53,10.1,174.76,25.0,0.533,5.9,Mainstream
10606,Female,36,88.4,82,11.8,209.23,29.4,0.47,6.8,Premium Loyalists
10105,Male,38,66.0,54,10.8,141.11,24.1,0.645,6.5,Mainstream
10646,Female,44,100.3,84,9.9,218.63,40.7,0.629,6.4,Premium Loyalists
11569,Female,29,44.3,41,12.4,91.41,22.3,0.693,1.0,Noise
11041,Female,66,19.8,22,4.7,70.17,18.0,0.178,6.6,Budget Conscious
10440,Male,57,58.9,51,9.5,119.98,24.0,0.357,8.4,Mainstream
11020,Male,41,22.5,22,7.1,58.87,10.6,0.729,3.4,Budget Conscious
10092,Female,35,54.3,59,8.1,144.7,25.5,0.652,3.2,Mainstream
11113,Female,55,26.2,24,5.4,56.13,17.7,0.381,6.2,Budget Conscious
11403,Female,26,4.7,75,9.7,57.05,25.6,0.668,3.3,Young Aspirational
10909,Female,66,25.1,21,5.1,90.12,10.1,0.447,6.0,Budget Conscious
10103,Male,18,72.3,64,12.4,107.96,14.1,0.901,2.7,Mainstream
10239,Female,42,57.4,36,6.5,114.12,22.1,0.443,2.3,Mainstream
11365,Male,26,14.0,60,11.7,31.95,19.2,0.75,4.3,Young Aspirational
10943,Female,36,27.0,24,0.5,78.21,6.4,0.464,4.1,Budget Conscious
11271,Female,40,87.8,25,6.9,189.96,15.5,0.484,6.2,Affluent Savers
10939,Female,53,29.1,24,5.7,68.13,13.0,0.572,6.9,Budget Conscious
11182,Male,54,87.1,34,6.8,212.91,13.7,0.377,8.0,Affluent Savers
10006,Female,29,47.4,49,11.7,109.68,21.3,0.705,4.3,Mainstream
11453,Female,22,28.0,80,11.4,127.47,24.5,0.537,4.7,Young Aspirational
10966,Female,41,26.7,25,2.2,44.12,14.9,0.503,6.6,Budget Conscious
10019,Male,39,63.7,46,5.9,181.65,26.7,0.521,4.8,Mainstream
10122,Female,34,78.6,53,10.4,97.62,17.5,0.564,4.4,Mainstream
10662,Male,34,88.6,75,13.6,222.62,22.8,0.706,1.6,Premium Loyalists
11353,Male,21,36.5,69,15.9,122.49,26.2,0.686,3.3,Young Aspirational
10275,Female,44,49.3,49,9.3,161.49,17.5,0.472,7.9,Mainstream
10434,Female,18,69.5,57,8.9,156.42,29.4,0.769,0.0,Mainstream
10812,Male,38,77.0,73,12.8,227.54,23.4,0.569,5.8,Premium Loyalists
11301,Female,50,89.0,27,2.5,200.9,15.2,0.292,5.5,Affluent Savers
11336,Male,46,95.7,28,2.5,160.98,22.1,0.41,4.8,Affluent Savers
11495,Male,26,12.0,69,13.7,102.43,28.8,0.455,2.6,Young Aspirational
11511,Male,31,29.8,83,11.3,122.94,39.7,0.393,2.8,Young Aspirational
10182,Male,52,57.4,37,6.7,136.98,21.2,0.478,3.7,Mainstream
10185,Female,28,51.7,54,7.9,98.48,9.9,0.545,4.4,Mainstream
10407,Female,64,59.2,45,8.6,102.57,29.7,0.296,7.0,Mainstream
10866,Male,46,21.3,13,2.7,39.56,13.2,0.273,5.8,Budget Conscious
10521,Female,37,89.1,84,14.7,228.57,28.3,0.642,3.8,Premium Loyalists
11004,Male,48,40.3,28,4.6,68.92,17.7,0.486,1.9,Budget Conscious
10381,Male,36,45.7,45,4.7,90.37,10.1,0.523,1.6,Mainstream
10428,Male,23,56.0,48,10.7,117.68,10.6,0.755,0.9,Mainstream
10079,Female,42,51.3,55,8.6,150.4,13.5,0.425,2.0,Mainstream
11010,Male,47,31.0,29,8.0,99.46,13.7,0.53,6.0,Budget Conscious
11577,Male,55,21.0,43,7.4,56.97,22.3,0.539,3.2,Noise
10608,Female,35,87.6,86,14.6,197.62,32.6,0.609,4.8,Premium Loyalists
11426,Male,29,28.2,92,12.3,171.91,33.1,0.628,2.7,Young Aspirational
11593,Male,38,32.8,60,7.9,80.98,28.8,0.742,4.5,Noise
11459,Female,27,52.3,73,10.8,104.91,21.9,0.711,4.3,Young Aspirational
11058,Male,44,14.0,24,1.8,31.54,9.8,0.391,6.6,Budget Conscious
11092,Male,45,27.1,36,8.3,83.37,14.9,0.526,3.0,Budget Conscious
11102,Female,54,25.3,26,6.4,76.06,17.0,0.237,3.8,Budget Conscious
11130,Male,51,89.7,17,6.2,151.36,18.1,0.284,4.9,Affluent Savers
11236,Female,45,92.6,29,2.6,155.86,17.7,0.353,6.0,Affluent Savers
11410,Female,26,25.1,90,13.2,79.19,27.9,0.536,3.1,Young Aspirational
10959,Male,57,23.1,17,4.9,46.75,9.9,0.435,7.7,Budget Conscious
10560,Female,34,88.5,81,12.1,178.94,23.4,0.558,3.5,Premium Loyalists
10847,Male,31,30.8,21,5.4,77.97,14.2,0.778,3.2,Budget Conscious
10691,Female,34,87.3,87,9.8,180.51,29.7,0.483,4.4,Premium Loyalists
11548,Male,47,71.8,87,11.6,223.94,25.7,0.5,4.5,Noise
11493,Female,35,34.1,67,6.8,165.04,15.7,0.387,4.5,Young Aspirational
10437,Female,61,52.7,45,11.4,122.55,28.6,0.47,7.0,Mainstream
10491,Female,44,63.8,38,6.0,121.97,9.3,0.756,4.8,Mainstream
11598,Female,36,18.1,83,8.4,71.96,30.7,0.606,3.3,Noise
11471,Male,25,-0.5,70,8.4,75.12,25.3,0.632,0.6,Young Aspirational
10070,Male,47,27.3,53,9.2,85.4,19.7,0.513,2.6,Mainstream
10809,Female,47,84.9,83,15.5,231.72,34.4,0.561,4.5,Premium Loyalists
11185,Male,30,84.4,22,4.7,142.83,16.0,0.598,1.7,Affluent Savers
10012,Male,36,50.6,41,10.3,133.09,6.8,0.675,3.5,Mainstream
10145,Female,38,60.6,51,10.0,169.37,26.2,0.328,5.3,Mainstream
10918,Female,42,24.7,23,4.1,71.88,8.5,,1.2,Budget Conscious
10640,Male,25,91.2,83,7.7,235.71,26.2,0.307,4.7,Premium Loyalists
10177,Male,18,57.1,59,7.6,143.9,28.4,0.599,2.1,Mainstream
10995,Male,39,22.5,27,6.5,53.54,10.3,0.797,6.2,Budget Conscious
10441,Male,43,50.9,54,5.6,128.33,21.5,0.716,4.7,Mainstream
10522,Female,33,94.0,82,13.0,250.56,28.8,0.55,3.8,Premium Loyalists
11583,Male,24,41.9,72,12.8,82.3,24.8,0.694,0.4,Noise
11005,Male,51,31.5,7,0.5,89.98,9.9,0.54,6.9,Budget Conscious
11256,Female,49,87.8,32,8.0,163.41,11.8,0.207,4.3,Affluent Savers
11235,Male,25,87.6,16,3.0,175.69,8.7,0.63,5.1,Affluent Savers
10144,Female,45,55.9,49,6.4,110.6,15.0,0.478,5.7,Mainstream
10754,Female,43,92.6,73,13.3,201.97,26.5,0.277,2.5,Premium Loyalists
10520,Female,36,48.5,48,10.0,165.31,22.8,0.494,3.3,Mainstream
11603,Female,57,31.7,88,12.8,124.46,29.8,0.389,5.2,Noise
11323,Male,50,91.8,28,9.1,140.21,19.4,0.342,8.4,Affluent Savers
10823,Female,75,21.8,20,5.9,38.13,21.1,0.02,7.9,Budget Conscious
10429,Female,22,53.2,50,8.6,125.58,17.6,0.75,0.0,Mainstream
10613,Male,46,87.5,78,17.4,169.71,25.8,0.404,4.0,Premium Loyalists
11033,Female,43,28.2,21,4.6,60.83,22.6,0.362,4.7,Budget Conscious
10157,Female,24,43.5,41,0.5,112.57,13.8,0.588,0.0,Mainstream
10540,Male,38,84.9,73,6.3,230.7,32.7,0.304,5.6,Premium Loyalists
11291,Female,31,82.1,19,10.4,174.19,7.0,0.629,2.7,Affluent Savers
10462,Male,31,60.5,46,6.6,132.62,9.9,0.767,2.9,Mainstream
10577,Male,41,86.3,83,10.3,199.08,28.2,0.445,4.5,Premium Loyalists
11363,Male,23,31.7,83,9.6,107.93,26.9,0.672,3.0,Young Aspirational
10256,Female,47,70.4,59,14.1,125.16,20.1,0.377,6.9,Mainstream
10980,Male,57,24.5,27,11.0,13.41,18.8,0.281,7.8,Budget Conscious
11186,Female,36,87.8,12,5.7,179.77,19.7,0.564,2.6,Affluent Savers
11007,Female,35,26.2,30,5.2,84.36,14.6,0.49,3.5,Budget Conscious
10561,Male,37,92.1,89,12.3,236.93,37.8,0.598,6.5,Premium Loyalists
10209,Female,36,42.8,50,1.7,104.2,15.0,0.489,3.5,Mainstream
10911,Female,48,28.5,25,3.8,40.42,15.5,0.373,4.5,Budget Conscious
11312,Female,37,97.8,17,7.4,169.57,13.6,0.5,4.2,Affluent Savers
10002,Female,49,47.4,50,9.8,147.15,19.5,0.446,3.3,Mainstream
11366,Male,32,30.6,75,6.5,104.92,36.4,0.512,2.3,Young Aspirational
10270,Female,34,79.0,62,7.3,168.47,29.7,0.389,1.3,Mainstream
10266,Female,18,66.0,47,8.1,112.34,23.7,0.788,2.4,Mainstream
10915,Female,38,37.2,18,4.4,90.97,4.3,0.637,5.7,Budget Conscious
10231,Male,55,60.7,43,4.7,126.18,20.5,0.209,3.0,Mainstream
11580,Female,24,37.0,51,11.2,102.19,18.0,0.731,3.4,Noise
11120,Male,47,23.7,19,1.6,60.48,17.5,0.443,5.7,Budget Conscious
11575,Female,27,37.7,51,4.9,132.28,24.1,0.706,4.9,Noise
10865,Female,44,23.5,11,8.1,25.31,11.9,,5.6,Budget Conscious
11067,Female,51,16.3,26,5.1,10.0,17.7,0.411,6.2,Budget Conscious
10874,Male,54,29.3,22,9.3,68.78,12.5,0.45,6.3,Budget Conscious
11436,Male,29,32.0,81,14.6,90.05,23.1,0.635,2.5,Young Aspirational
10399,Female,24,45.0,49,6.4,140.82,21.7,0.759,0.2,Mainstream
11462,Female,31,40.3,81,14.5,94.6,33.2,0.714,4.7,Young Aspirational
10046,Male,34,54.0,45,9.3,126.46,21.2,0.712,4.7,Mainstream
10162,Female,33,45.6,46,10.6,93.92,20.2,0.449,4.0,Mainstream
10992,Female,63,25.9,29,4.2,57.34,12.1,0.316,8.3,Budget Conscious
10728,Female,38,91.0,89,13.0,261.75,28.2,0.69,7.5,Premium Loyalists
10630,Female,37,88.4,90,9.2,278.63,31.6,0.498,6.8,Premium Loyalists
10289,Female,37,41.6,48,6.0,76.4,21.7,0.599,4.3,Mainstream
11060,Male,47,22.8,21,3.4,65.26,13.2,0.4,2.0,Budget Conscious
11562,Male,70,44.4,76,12.3,129.69,24.3,0.144,8.9,Noise
10576,Female,41,92.4,78,7.7,192.49,31.0,0.429,3.2,Premium Loyalists
10851,Female,60,33.3,17,3.6,60.42,12.3,0.236,6.4,Budget Conscious
11340,Male,47,81.4,27,1.2,165.8,13.9,0.348,8.0,Affluent Savers
10912,Male,34,20.2,19,7.2,35.19,8.7,0.509,4.1,Budget Conscious
11255,Female,51,82.6,32,2.7,171.32,18.7,0.414,7.0,Affluent Savers
11455,Male,28,46.1,84,7.4,162.36,25.5,0.622,2.8,Young Aspirational
10933,Female,57,22.9,13,3.3,64.13,5.0,0.197,6.5,Budget Conscious
11101,Male,41,29.0,12,3.8,66.43,12.9,0.479,2.5,Budget Conscious
11208,Male,43,77.3,19,1.1,162.99,15.5,0.469,2.8,Affluent Savers
10248,Female,38,54.6,58,8.5,183.28,24.3,0.609,5.1,Mainstream
10477,Female,30,61.6,40,13.1,142.09,17.6,0.525,4.5,Mainstream
10086,Female,35,59.9,57,9.2,151.77,15.4,0.486,2.1,Mainstream
10470,Female,39,46.5,49,5.7,115.64,18.6,0.47,5.6,Mainstream
10226,Male,37,56.8,53,9.6,112.38,23.1,0.527,5.1,Mainstream
10775,Female,50,86.5,80,12.4,220.57,31.6,0.627,4.6,Premium Loyalists
10332,Female,47,66.2,54,8.8,192.56,28.5,0.464,5.2,Mainstream
10234,Female,42,48.6,63,11.0,177.68,28.1,0.537,7.8,Mainstream
10589,Female,58,83.6,90,16.1,189.12,28.3,0.407,5.3,Premium Loyalists
10476,Female,40,67.1,64,10.9,140.58,21.1,0.458,3.3,Mainstream
11285,Female,45,78.7,43,5.6,186.09,23.1,0.229,6.1,Affluent Savers
10600,Male,39,89.2,76,13.1,236.04,32.0,0.54,4.3,Premium Loyalists
10422,Male,30,46.6,37,4.8,27.94,13.1,0.466,3.6,Mainstream
10183,Male,43,50.2,60,7.2,112.18,26.9,0.538,4.1,Mainstream
10989,Male,52,27.8,26,4.3,31.92,20.6,0.248,4.7,Budget Conscious
11001,Male,58,23.3,13,2.9,39.26,12.9,0.481,5.5,Budget Conscious
11357,Female,26,22.7,77,8.6,92.13,26.8,0.752,3.9,Young Aspirational
11463,Male,19,31.7,69,5.2,121.53,22.8,0.578,4.1,Young Aspirational
10050,Male,35,60.6,42,5.0,129.31,16.6,0.675,3.2,Mainstream
11500,Male,29,27.9,76,11.4,106.04,34.1,0.591,1.2,Young Aspirational
11030,Male,35,25.9,16,6.5,91.43,8.5,0.657,4.1,Budget Conscious
10530,Female,36,95.3,91,10.4,216.89,22.1,0.554,3.7,Premium Loyalists
11259,Male,48,93.6,28,0.5,134.17,19.0,0.465,4.1,Affluent Savers
10487,Female,51,52.9,52,11.5,179.7,22.8,0.335,4.0,Mainstream
11560,Female,54,51.4,48,3.6,119.13,21.4,0.55,3.9,Noise
10498,Male,19,56.7,53,8.5,132.19,25.7,0.718,2.3,Mainstream
10107,Male,43,60.6,47,4.6,173.86,20.2,0.586,5.8,Mainstream
10444,Female,42,52.0,39,8.2,111.82,14.8,0.457,2.7,Mainstream
10647,Male,47,87.0,81,11.8,205.2,29.8,0.431,4.8,Premium Loyalists
11037,Female,57,24.1,23,1.2,36.96,13.7,0.462,7.4,Budget Conscious
10727,Male,50,83.3,86,9.7,205.36,30.0,0.318,4.6,Premium Loyalists
10191,Male,32,49.6,57,10.2,124.08,18.6,0.418,3.0,Mainstream
10283,Male,38,47.5,48,5.5,152.08,27.5,0.586,4.4,Mainstream
10030,Male,37,58.2,62,12.0,145.66,28.5,0.58,4.8,Mainstream
10170,Female,41,46.5,46,8.7,105.14,15.0,0.352,5.5,Mainstream
11002,Female,35,25.1,28,6.6,58.42,24.4,0.433,4.0,Budget Conscious
11205,Male,39,93.5,14,0.5,115.02,7.7,0.579,8.0,Affluent Savers
10101,Female,57,47.4,56,8.9,130.07,19.4,0.412,5.1,Mainstream
10198,Female,44,52.4,46,8.6,102.97,25.6,0.438,3.9,Mainstream
10496,Male,27,43.4,53,9.8,106.59,22.1,0.66,3.3,Mainstream
10648,Male,59,88.6,80,9.6,235.37,27.6,0.581,6.8,Premium Loyalists
10988,Female,44,33.1,27,4.6,30.51,13.5,0.596,4.9,Budget Conscious
10045,Male,39,52.1,49,9.7,129.06,27.1,0.389,5.9,Mainstream
10711,Female,46,92.5,87,13.4,203.57,32.9,0.482,5.0,Premium Loyalists
10374,Male,52,42.7,41,7.4,89.0,14.8,0.476,5.4,Mainstream
10679,Female,59,80.7,84,13.4,192.78,20.2,0.46,4.8,Premium Loyalists
10567,Male,37,87.0,79,12.8,203.29,34.5,0.519,4.7,Premium Loyalists
10848,Male,34,25.1,24,7.5,33.92,14.2,0.618,4.7,Budget Conscious
10461,Female,32,65.3,47,6.7,116.31,29.3,0.823,1.5,Mainstream
11438,Female,23,41.4,88,13.5,105.56,27.0,0.585,3.0,Young Aspirational
11156,Male,50,100.9,21,4.2,195.16,8.2,0.246,4.8,Affluent Savers
10040,Female,54,55.5,44,3.8,140.82,17.8,0.355,6.5,Mainstream
10435,Male,36,62.3,54,12.3,110.22,24.7,0.48,3.7,Mainstream
10974,Female,33,28.1,8,5.8,55.99,7.9,0.76,2.8,Budget Conscious
11240,Female,51,101.8,20,3.2,175.79,10.8,0.369,4.9,Affluent Savers
11008,Female,29,28.1,25,0.5,40.48,10.0,0.624,4.4,Budget Conscious
11499,Female,20,25.2,76,16.3,60.92,23.9,0.888,1.1,Young Aspirational
10457,Female,42,57.9,43,8.8,117.16,19.0,0.567,2.0,Mainstream
10261,Male,39,69.8,51,8.6,125.7,23.7,0.482,6.1,Mainstream
10036,Male,40,73.4,52,13.6,152.11,15.0,0.329,4.5,Mainstream
10828,Male,50,24.3,17,6.9,54.91,9.9,0.643,4.9,Budget Conscious
10310,Female,37,53.7,63,11.0,180.67,24.6,0.34,5.0,Mainstream
10277,Female,36,44.0,60,9.5,158.78,25.9,0.445,4.8,Mainstream
10637,Male,31,87.8,80,9.5,198.26,33.9,0.727,2.8,Premium Loyalists
10655,Male,50,91.8,85,11.4,240.62,28.8,0.361,7.5,Premium Loyalists
10623,Male,42,92.3,86,13.9,240.96,29.6,0.561,5.6,Premium Loyalists
10845,Female,39,28.6,28,6.1,84.81,14.7,0.498,4.4,Budget Conscious
10394,Female,20,58.9,49,9.0,129.81,13.9,0.709,4.1,Mainstream
10108,Female,34,54.4,58,5.7,97.21,15.1,0.408,1.9,Mainstream
10350,Male,28,65.4,55,4.2,129.48,19.2,0.643,3.0,Mainstream
10525,Female,46,89.4,75,11.9,249.45,18.6,0.574,5.0,Premium Loyalists
10785,Female,42,89.1,86,16.0,182.82,32.2,0.532,4.6,Premium Loyalists
10048,Male,21,78.0,53,6.5,123.75,15.0,0.666,1.5,Mainstream
10204,Female,32,53.9,56,7.0,139.31,15.8,0.437,4.1,Mainstream
10022,Female,54,61.2,56,12.0,131.27,23.6,0.543,7.0,Mainstream
10403,Male,23,42.8,48,9.5,72.09,19.6,0.662,3.3,Mainstream
11108,Female,47,32.3,27,2.2,83.87,15.5,0.559,7.7,Budget Conscious
11155,Female,61,80.0,36,7.0,180.63,13.6,0.051,6.0,Affluent Savers
11440,Female,28,13.4,89,10.2,88.27,26.4,0.464,2.1,Young Aspirational
10990,Male,28,26.3,27,2.9,57.65,12.5,0.687,1.6,Budget Conscious
10742,Male,47,85.7,81,10.7,167.85,23.6,0.463,5.5,Premium Loyalists
11311,Female,50,90.7,11,4.6,143.14,11.2,0.403,5.6,Affluent Savers
11148,Male,49,92.0,18,9.0,160.98,13.0,0.314,8.3,Affluent Savers
10034,Female,20,63.1,50,7.4,172.9,29.9,0.891,2.0,Mainstream
10788,Male,36,85.6,84,12.2,180.14,23.6,0.628,1.3,Premium Loyalists
10924,Male,53,24.7,20,6.5,90.06,3.4,0.344,7.5,Budget Conscious
11044,Male,61,30.7,28,8.5,76.58,15.8,0.205,8.6,Budget Conscious
11543,Female,41,55.1,32,3.8,153.19,31.0,0.655,5.2,Noise
11244,Male,54,101.4,21,3.4,184.63,17.8,0.211,5.4,Affluent Savers
10580,Male,29,91.4,84,13.6,173.29,20.9,0.593,3.3,Premium Loyalists
10482,Female,18,65.5,56,10.6,151.05,30.6,0.732,3.8,Mainstream
10932,Male,53,27.4,29,3.8,33.58,17.7,0.411,5.7,Budget Conscious
10357,Male,45,65.1,57,6.7,188.21,17.3,0.315,4.5,Mainstream
11249,Male,33,76.5,26,6.1,111.08,11.3,0.593,5.3,Affluent Savers
10760,Male,46,90.9,86,13.8,199.13,31.4,0.588,7.0,Premium Loyalists
10093,Female,30,46.1,56,8.8,124.04,21.0,0.513,4.8,Mainstream
11176,Male,28,92.6,14,4.3,180.29,15.7,0.721,3.1,Affluent Savers
11416,Male,38,26.1,91,13.1,109.91,32.4,0.766,8.8,Young Aspirational
11342,Male,28,29.1,55,6.4,97.12,20.8,0.862,3.5,Young Aspirational
11473,Male,32,46.1,88,10.8,194.78,27.0,0.709,4.0,Young Aspirational
10804,Female,47,81.2,72,17.4,179.43,28.9,0.192,5.2,Premium Loyalists
10746,Female,36,88.1,91,14.5,205.41,24.6,0.558,4.8,Premium Loyalists
11547,Female,45,49.0,97,14.2,172.24,32.2,0.269,6.8,Noise
10280,Female,51,71.7,53,11.3,145.1,21.8,0.447,5.1,Mainstream
10765,Female,34,90.5,79,13.1,181.0,27.6,0.657,4.0,Premium Loyalists
10605,Male,45,87.6,82,9.2,247.68,30.4,0.658,4.5,Premium Loyalists
11590,Male,53,19.2,42,6.2,79.02,19.3,0.046,5.0,Noise
11374,Female,22,23.5,58,8.9,98.45,25.6,0.553,4.1,Young Aspirational
11399,Female,19,20.5,91,12.6,105.05,29.5,0.616,1.9,Young Aspirational
10401,Male,31,70.1,49,11.2,87.79,21.4,0.46,0.7,Mainstream
10258,Male,31,50.6,47,10.9,111.52,19.2,0.666,3.3,Mainstream
10945,Female,53,27.5,24,6.4,78.31,14.2,0.39,6.7,Budget Conscious
11097,Male,42,26.1,19,4.0,69.23,14.4,0.556,5.7,Budget Conscious
11220,Female,50,79.1,22,4.0,89.22,8.8,0.39,6.7,Affluent Savers
11508,Male,32,32.5,64,10.7,130.55,21.4,0.511,1.2,Young Aspirational
11162,Female,46,83.9,22,3.3,121.9,13.2,0.699,4.0,Affluent Savers
10495,Male,60,62.9,49,5.6,104.46,21.0,0.387,7.9,Mainstream
10773,Male,27,89.6,83,9.9,230.32,26.0,0.685,5.7,Premium Loyalists
10551,Male,47,85.7,80,16.5,214.49,20.4,0.346,4.3,Premium Loyalists
11487,Female,25,31.5,80,9.3,72.31,23.5,0.729,0.8,Young Aspirational
10202,Male,27,54.7,42,4.3,107.85,21.4,0.679,1.5,Mainstream
10313,Male,24,57.9,44,7.7,102.49,22.7,0.491,0.0,Mainstream
10291,Female,18,81.2,60,8.5,183.94,26.6,0.749,3.2,Mainstream
11214,Male,36,82.6,36,7.4,152.3,14.7,0.682,4.4,Affluent Savers
10764,Male,35,84.3,81,13.1,186.29,29.4,0.638,3.1,Premium Loyalists
11137,Female,46,85.2,14,4.8,138.66,10.1,0.375,2.7,Affluent Savers
10950,Female,29,26.0,30,4.6,39.17,14.3,0.535,3.6,Budget Conscious
10184,Female,47,67.9,50,7.6,86.34,22.9,0.283,4.7,Mainstream
11177,Male,36,82.9,31,5.1,157.48,9.7,0.689,5.0,Affluent Savers
11350,Female,34,34.2,71,12.6,175.45,27.2,0.592,6.2,Young Aspirational
11069,Female,33,29.1,25,9.0,104.07,10.1,0.622,3.9,Budget Conscious
11469,Male,21,22.1,82,9.1,82.77,37.9,0.798,2.8,Young Aspirational
11031,Male,58,31.4,22,8.3,53.33,1.7,0.502,7.1,Budget Conscious
10251,Male,40,43.4,46,10.0,96.31,23.4,0.593,4.4,Mainstream
10824,Female,47,30.8,17,3.1,38.33,10.3,0.613,5.7,Budget Conscious
11100,Male,25,20.2,29,5.7,43.72,15.9,0.599,1.2,Budget Conscious
11537,Male,52,99.7,2,0.8,133.55,7.9,0.319,5.4,Noise
10941,Female,33,25.4,29,5.2,75.51,13.1,0.593,2.2,Budget Conscious
10392,Male,28,40.5,43,6.4,102.51,11.6,0.829,1.6,Mainstream
11457,Female,24,12.2,68,18.2,111.93,36.5,0.677,2.6,Young Aspirational
11093,Male,22,24.4,22,8.1,18.63,6.5,0.791,0.7,Budget Conscious
11192,Female,37,77.1,21,4.1,133.57,14.3,0.395,4.7,Affluent Savers
10905,Female,40,24.3,18,6.2,115.21,13.1,0.489,5.3,Budget Conscious
10731,Female,32,88.8,80,14.5,212.32,21.5,0.594,2.1,Premium Loyalists
10555,Male,42,83.8,83,13.2,186.87,26.9,0.377,6.3,Premium Loyalists
10367,Male,41,55.4,45,15.1,106.61,25.5,0.568,5.7,Mainstream
10346,Female,39,57.3,46,11.8,129.55,14.0,0.684,3.5,Mainstream
10536,Male,41,96.7,84,14.9,216.08,27.3,0.25,6.2,Premium Loyalists
11423,Male,31,33.1,81,10.8,132.34,26.9,0.781,5.1,Young Aspirational
11210,Male,40,77.7,24,5.2,188.14,10.6,0.475,4.6,Affluent Savers
11373,Male,30,21.7,86,12.2,81.76,25.9,0.419,5.1,Young Aspirational
10920,Male,37,28.2,20,5.6,93.28,10.3,0.286,3.8,Budget Conscious
10212,Male,55,70.7,45,9.7,168.19,13.8,0.51,4.9,Mainstream
11604,Male,51,60.0,43,7.3,143.68,15.0,0.394,5.1,Noise
10503,Male,41,56.0,52,9.1,136.28,26.5,0.53,5.2,Mainstream
10538,Female,45,85.4,82,12.2,238.56,21.8,0.226,3.2,Premium Loyalists
11221,Male,53,82.8,27,6.8,188.66,14.1,0.463,1.6,Affluent Savers
10176,Male,23,50.5,52,7.1,138.84,19.1,0.743,1.3,Mainstream
